Hylak_id,LowEx_1980,LowEx_2010
10,0,11.93866375
10035,14.56736035,7.667031763
10042,16.66666621,6.243154436
10055,7.612267251,13.77327492
10060,8.47024425,20.61883899
10076,8.013873494,23.82256298
100840,12.94267963,0
10093,16.75794085,7.886089814
10103,6.9550931,8.023001095
10118,16.06425739,1.286966046
10119,16.70317634,2.519167579
10127,12.99744441,11.25410734
10131,2.099306271,21.79627601
10152,4.910550931,12.8422782
10161,1.223074124,27.21796276
10162,17.30558598,4.709748083
10174,0,27.92990142
10176,8.378970427,15.79956188
101850,8.397225082,0
10190,0,34.11829135
10202,14.56736035,4.353778751
10208,6.170134995,6.106243154
10209,2.95728368,22.48083242
10217,18.34611172,1.25958379
1021894,4.454180175,12.02081051
10219,11.68309639,9.036144578
1022,1.588170865,4.791894852
10225,14.62212486,4.600219058
102320,14.71339923,0
102328,11.35450904,4.463307777
102369,2.172325685,4.709748083
10239,8.196421687,16.9769989
102658,14.09273467,0
10267,0.584154819,34.74808324
102820,13.39905093,0
10295,19.60569551,0
103066,14.16575411,0
10307,25.02738226,0
10311,19.60569551,0
10320,11.99342826,20.81051479
103226,13.10697289,0.492880613
103233,12.57758324,0
103236,14.12924425,0
10326,0,31.10624315
10329,2.811244797,19.63307777
10333,2.847754655,12.8422782
10345,19.44140197,0
1034540,0.036509677,30.03833516
10350,21.06608269,0
10351,26.3052207,0
10352,25.15516703,0
10353,0,22.45345016
103653,13.54508954,0
10367,20.57320099,0
10375,25.10040088,0
10378,20.64622125,0
10380,4.162102957,14.29353779
10381,11.29974425,11.28148959
10386,25.66630066,0
10405,5.713764239,12.43154436
10406,19.56918675,0
104077,14.09273467,0
10408,4.344651424,16.78532311
10409,4.30814184,14.51259584
104122,14.25702793,0
10414,20.33588992,0
10417,24.93610789,0
104331,14.84118291,0
104350,14.45783133,0
10436,6.991602683,21.82365827
104360,14.47608571,0
104433,14.89594743,0
10457,0.273822563,37.73274918
104764,15.2245345,0
10484,4.490690033,21.93318729
10493,10.6608253,14.07447974
104933,10.40525739,0
104943,3.742241785,8.953997809
10496,4.508944962,22.48083242
10497,20.53669222,0
105034,5.020080504,8.65279299
105057,14.7864184,0
105074,13.23475685,0
105134,14.03796988,0
10515,5.220883899,22.42606791
105183,15.18802492,0
10521,8.835341183,5.969331873
10524,9.401240964,15.71741512
105340,11.26323521,0
105343,14.58561501,0
10551,0,27.87513691
10555,6.754289704,16.48411829
1056,9.127418401,1.971522453
10566,1.387367634,34.5837897
105666,14.74990827,0
10571,20.33588992,0
105828,8.105147864,5.47645126
106315,11.86564403,0
106722,6.71778012,1.25958379
106762,12.66885706,0
106772,11.08068647,0
106783,11.24497974,0
1069759,11.13545126,12.45892662
107133,11.20847043,0
107286,3.413654436,0
107411,11.84738938,0
107420,11.70135104,0
1079960,12.54107338,17.99014239
108025,11.26323521,0
108109,10.95290252,0.52026287
108146,8.56151862,8.296823658
108338,15.38882804,7.311062432
1083856,20.11683187,5.887185104
108503,11.66484118,0
108704,18.78422782,3.833515882
108757,13.59985433,0.21905805
108828,10.75209912,3.723986857
1089,2.683461117,4.95618839
108911,14.31179244,0
108989,12.72362185,0
109017,12.30376068,0
109061,11.53705778,0
109171,4.527199617,12.48630887
109208,4.709748083,13.49945235
109216,2.482657996,0.164293538
109362,19.13107065,0
109443,11.28148959,3.368017525
109690,11.9751736,0
109781,0,0
110021,8.671047645,6.024096386
110045,3.048557777,0
110062,10.40525739,2.026286966
110217,3.888280394,10.81599124
1103291,4.362906079,9.200438116
1104,0,13.52683461
110434,10.58780613,4.819277108
1105,2.573932092,2.354874042
110505,16.04600219,0
1106,6.188389923,2.601314348
1106948,10.22270865,13.80065717
110843,13.43556024,2.135815991
110876,1.898503122,10.59693319
1109,1.077035433,10.76122673
110906,18.14530942,0
110919,3.103322289,9.583789704
110932,11.70135104,0
1110,4.271631982,0.164293538
111046,9.547279573,0.328587076
1111,7.101131435,1.25958379
111113,0,0
111147,4.5637092,6.9550931
111252,11.5188023,3.860898138
111258,0,0
111273,0.21905805,9.255202629
1113,0.018254838,4.846659365
111308,16.61190252,0
111326,7.667031763,5.093099671
111339,0,0
111368,6.553486309,0
111375,4.162102957,12.29463308
1114,2.008032174,6.9550931
111401,3.979554765,1.286966046
111553,0.401606435,3.395399781
111573,11.50054765,0
1116,3.54143839,5.69550931
111629,0.273822563,5.668127054
111635,0,1.506024096
111685,0,16.18291347
1117,2.61044195,7.064622125
111887,4.673238773,9.638554217
111913,0,0
111956,1.022270893,10.59693319
112,15.84519852,0
112006,5.038335159,0
112015,2.354874042,12.76013143
112026,0,0
112054,2.263599671,2.163198248
112082,0,23.60350493
11214,5.951077218,10.70646221
112140,10.38700274,1.533406353
112156,7.959109529,1.122672508
112184,4.289886911,2.081051479
112196,5.713764239,6.790799562
112223,6.608251095,5.640744797
112241,10.53304135,14.7864184
112406,16.66666621,2.601314348
112461,21.37641457,1.177437021
112488,9.91237678,8.43373494
1125,9.017889923,3.943044907
11252,4.162102957,6.133625411
112520,14.96896714,2.984665936
112584,12.26725082,11.5279299
112611,0,21.46768894
112619,5.47645126,27.51916758
112667,8.269441402,21.85104053
11269,3.358889923,5.230010953
112726,21.43118018,0
112768,18.34611172,1.177437021
112789,0,18.34611172
1128,0.29207741,6.927710843
112817,6.316174151,27.43702081
112822,14.09273467,16.1007667
11286,2.592186747,5.47645126
112869,9.510770537,4.271631982
112872,0,23.79518072
112888,0.054764513,20.07119387
112894,19.35012705,0
112901,11.24497974,17.36035049
112906,7.338444688,21.96056955
112907,11.35450904,6.106243154
113,1.095290252,11.25410734
113018,15.71741512,9.446878423
113023,12.65060241,13.17086528
113069,2.409638554,8.789704272
113091,8.817086528,11.966046
113110,0.711938664,15.77217963
113148,13.30777656,7.17415115
113177,7.247170591,11.30887185
1132,1.25958379,7.69441402
113208,14.25702793,6.188389923
113214,13.96495071,6.297918949
113240,0,31.81818182
113249,0,33.78970427
113258,17.10478286,3.641840088
1133,0.638919304,7.365826944
113367,0,38.14348302
113429,19.40489321,5.805038335
113478,0,18.61993428
1135,9.236947974,10.81599124
113529,0,35.40525739
113549,0,37.23986857
113558,15.6626506,11.61007667
113564,2.555677163,19.85213582
113569,16.39284365,4.271631982
113585,0.675428998,19.19496166
113613,19.02154162,0
113642,0,13.74589266
113657,4.819277108,21.7415115
113697,1.332603231,17.96276013
1137,7.447973713,4.107338445
113705,10.75209912,12.4041621
113709,7.247170591,7.146768894
113788,23.6947782,0
113792,18.21832694,0.191675794
113799,0,36.5279299
1138,4.289886911,5.312157722
113804,15.37057366,4.600219058
113815,13.56334419,0.21905805
113816,18.03578039,0
113838,5.750273823,20.20810515
113843,12.94267963,6.818181818
113846,22.45345016,2.190580504
1139,7.758306134,10.18619934
113951,20.82876944,3.614457831
113952,10.46002191,16.9769989
113982,8.397225082,3.532311062
113990,14.53085049,5.339539978
1140,12.30376068,2.327491785
114025,16.06425739,0.876232202
114043,24.80832421,0
114066,19.3136172,0.027382256
1141,11.20847043,4.21686747
114110,16.48411829,12.4041621
114114,6.462212486,12.54107338
114115,21.5041977,0
114134,20.24461501,4.682365827
114247,13.38079545,0
114260,15.6626506,0
114294,12.97918949,10.2135816
114296,17.06827273,0
114323,19.67871577,0
11434,3.08506736,4.928806134
1144,8.871851041,3.641840088
114450,0.675428998,26.39649507
114532,3.906535049,0
114538,19.56918675,0
114566,0.821467689,27.40963855
114580,0,25
1146,13.89193154,0.903614458
114610,9.802847755,4.545454545
11465,2.61044195,0.821467689
114682,14.20226314,11.58269441
114683,9.419496166,17.05914567
114686,9.547279573,12.8422782
114691,3.176341731,17.55202629
114700,10.95290252,6.462212486
11474,3.231106243,3.778751369
114746,3.450164294,7.283680175
114756,7.429718784,22.01533406
114766,17.06827273,3.669222344
114876,0.109529025,30.94194962
114919,19.33187295,0
114940,19.51442223,0
114964,17.67068182,6.024096386
114980,6.005841183,0.410733844
114987,0,26.47864184
114989,0,15.79956188
114995,11.57356681,12.45892662
114996,0,17.93537788
115,8.671047645,0
1150,4.508944962,6.900328587
115103,8.013873494,10.2135816
115128,15.73567004,1.122672508
115134,20.26286966,0
1152,15.99123768,4.079956188
115272,12.2855052,8.13253012
115276,1.515151506,23.00109529
115282,23.47572015,0
11530,5.841548193,3.860898138
115343,0.054764513,11.85651698
115423,2.208835433,14.12924425
115426,11.42752848,2.190580504
115447,0.328587076,18.07228916
115464,4.070828861,14.62212486
115479,15.64439622,1.314348302
115483,8.762322015,8.817086528
115489,17.68893757,5.47645126
115497,1.825483708,14.15662651
1155,15.57137596,6.763417306
115533,9.7845931,4.518072289
115582,12.21248631,5.722891566
115585,1.825483708,11.85651698
115677,4.728002738,7.228915663
115694,0,8.050383352
115707,2.847754655,16.23767798
115895,18.51040526,0
115898,6.71778012,17.44249726
116003,0.657174151,33.76232202
116007,0,25
116137,11.37276369,7.447973713
116184,24.42497262,0
116223,16.84921495,11.63745893
116236,11.88389923,11.77437021
116304,5.166119113,20.92004381
116307,18.07228916,8.077765608
116332,16.50237295,12.4041621
116366,23.62176068,1.752464403
116399,14.60386966,1.040525739
116420,5.878057777,9.830230011
116442,16.721431,7.995618839
116465,19.02154162,0
116496,19.25885433,0
116510,19.22234392,2.135815991
116530,13.30777656,7.475355969
116645,14.80467306,1.889375685
11666,7.63052218,0.821467689
116673,0,27.57393209
116886,0,29.07995619
117,12.35852547,1.232201533
117140,18.54691402,6.21577218
117637,10.36874726,11.22672508
117764,25.41073384,0
1177768,3.249361172,5.531215772
117779,3.285870756,22.69989047
117833,20.95655257,0
117841,9.729828313,1.642935378
117966,0,37.04819277
117969,11.66484118,7.968236583
117990,20.28112432,0.246440307
118029,14.71339923,15.55312158
118036,16.15553122,9.720700986
118122,16.1007667,10.51478642
118137,13.45381572,12.21248631
11814,0.091274189,8.214676889
118151,19.07630449,5.941949617
118196,9.182183187,10.2135816
118261,11.68309639,6.845564074
118263,22.19788226,1.423877327
11831,12.83315033,0.082146769
11835,2.500912651,3.997809419
118427,4.581964403,13.06133625
118448,9.127418401,10.37787514
118451,17.36035049,3.368017525
11852,10.00365088,3.148959474
118540,19.7517333,0
118612,19.86126232,0
118620,4.618473987,29.27163198
118646,16.33807996,4.928806134
118652,16.1007667,5.202628697
118677,13.39905093,5.010952903
118678,11.70135104,8.789704272
118797,6.699525465,2.875136911
118808,19.9890471,0
118831,16.59364732,1.588170865
1189101,3.066812705,4.95618839
118953,1.588170865,9.282584885
118960,3.614457831,10.40525739
118977,8.78057667,6.65388828
118984,1.277838582,34.50164294
119028,14.29353779,1.150054765
119120,0,29.7645126
119143,22.70901807,0
119167,11.9751736,15.90909091
119180,11.79262486,9.775465498
119189,18.18181818,5.010952903
119227,2.628696605,18.86637459
119273,9.565535049,14.21139102
119276,2.829499726,23.43921139
119370,4.764512596,24.37020811
119387,0,2.73822563
119440,0,27.05366922
119462,19.38663746,0
119524,3.450164294,2.245345016
119562,6.297918949,16.15553122
119589,0,28.12157722
119591,23.74954272,0.575027382
1196,0,20.61883899
119601,19.95253834,0
119602,9.748083242,14.75903614
119627,11.90215416,6.900328587
119636,0,26.20481928
119687,5.841548193,17.1686747
119707,0,30.23001095
119709,5.074844743,22.72727273
119732,20.04381161,0.629791895
1197634,3.997809419,1.451259584
119791,3.523183735,31.40744797
119794,12.61409255,5.284775465
1198,11.46403751,0.821467689
119816,25.79408543,0
11982,1.551661145,5.010952903
119828,9.693318729,10.2135816
119854,14.80467306,4.901423877
119864,5.348667306,9.665936473
119872,14.73165389,2.491785323
120013,6.170134995,11.28148959
12003,6.443957558,0.575027382
120045,0,36.19934283
120195,8.725812432,17.11391019
120238,20.9017897,0
120261,0,34.72070099
120279,0,9.693318729
1203116,0.310332229,8.488499452
120317,6.443957558,3.231106243
12033,3.870025465,0
1203540,3.596202903,2.656078861
1204,12.63234803,0
120427,0,27.43702081
120430,19.76998905,0
120442,19.05805038,0
120498,11.88389923,8.242059146
120526,21.33990526,0.930996714
120529,9.145673604,13.08871851
120536,0,25.95837897
120538,7.119386637,0
120551,13.59985433,6.845564074
120564,21.9423138,0.082146769
120577,0,26.01314348
120582,0,28.03943045
120583,0,26.77984666
120590,0,25.73932092
120610,16.721431,7.69441402
120616,0,18.45564074
12062,0,11.80175246
120666,0.018254838,36.88389923
120690,19.24059967,0
12072,3.54143839,11.06243154
120762,0,27.95728368
120822,10.73384447,0.027382256
12084,5.786783406,8.050383352
120856,12.55932777,11.19934283
120861,17.74370208,7.365826944
12088,0.365096769,22.20700986
120910,12.26725082,1.916757941
12095,4.235122125,3.641840088
12099,2.208835433,14.07447974
1210,0.766703176,0.547645126
12102,4.016064348,11.88389923
121069,1.569915936,0.930996714
1211,7.228915663,0.136911281
121104,14.18400876,7.831325301
12111,7.009857612,6.599123768
121142,13.98320537,13.60898138
121173,0,28.01204819
121211,20.4271632,0
121226,15.58963143,9.693318729
12123,5.330412651,0
121249,0.693683817,23.08324206
121260,2.263599671,15.52573932
121279,6.809054491,0.547645126
1213,0,17.36035049
12130,0.310332229,12.48630887
121315,6.608251095,1.396495071
12139,0,12.32201533
121427,3.030303122,12.86966046
12144,0,5.722891566
121451,8.086892935,2.108433735
121453,0,35.2135816
1215,12.32201533,0
121526,6.991602683,27.87513691
121529,8.050383352,3.450164294
121547,16.31982475,3.258488499
121549,9.45600575,0.383351588
12156,2.245345016,4.381161008
121564,6.754289704,0.575027382
121571,1.277838582,28.31325301
12165,3.979554765,12.92442497
121689,15.53486692,0
1217,0,1.067907996
121752,0,7.721796276
12178,1.113545071,9.830230011
12179,2.61044195,10.78860898
121797,12.54107338,11.11719606
121811,21.79627601,0
12186,7.320190033,1.99890471
122,15.2245345,0
12202,6.188389923,5.969331873
12204,0.29207741,7.803943045
12205,0.693683817,0
122089,8.30595126,13.14348302
12209,7.13764184,3.203723987
12212,5.640744797,5.093099671
12216,6.206644578,4.983570646
12223,6.334428532,4.846659365
12225,2.665206462,5.531215772
122347,15.62614074,3.368017525
12238,12.06644743,0.164293538
12241,10.00365088,2.163198248
12243,0.602409639,2.546549836
12246,4.508944962,0
122485,23.27491785,0
122546,0.127783864,37.62322015
12263,2.95728368,1.944140197
122655,17.79846659,5.832420591
122667,15.2427897,3.422782037
12269,6.973348028,2.519167579
122732,2.464403067,18.15443593
122777,15.95472782,4.600219058
12280,0.073019354,6.681270537
122822,0,24.17853231
12286,3.103322289,7.530120482
122868,1.989777382,27.32749179
122947,0,27.02628697
12297,3.486674151,7.584884995
122976,13.85542169,9.91237678
123,0,13.93756846
123000,4.070828861,10.62431544
123002,25.31946057,0
123004,0,37.51369113
12301,3.066812705,6.43483023
123019,24.80832421,0
123020,20.9017897,0
123023,6.973348028,14.89594743
123027,4.837531763,19.63307777
12303,3.450164294,5.832420591
12304,0,11.77437021
12306,4.143848028,5.038335159
123186,19.47791073,0
12323,1.277838582,9.748083242
12328,5.768529025,5.147864184
12329,4.654983571,7.940854326
12332,0.638919304,10.48740416
12342,4.673238773,14.01971522
12345,5.69550931,9.255202629
12367,0,8.406352683
12373,5.91456736,13.74589266
12374,2.172325685,10.10405257
12379,1.551661145,11.82913472
12384,0,12.81489595
12390,4.235122125,4.545454545
12398,0.657174151,13.85542169
1240,6.480467141,0
12400,7.849579956,4.983570646
12412,1.186564485,15.36144578
12414,0,14.70427163
12424,1.825483708,9.200438116
1243,0,21.02957284
1244,1.588170865,9.556407448
12440,0.419861254,9.529025192
1245014,0.29207741,2.272727273
1247,18.29134721,0
12479,0.109529025,4.079956188
12486,0.127783864,8.871851041
1249,25.31946057,0
12490,8.30595126,1.067907996
12499,5.056590088,5.722891566
125,17.72544633,1.971522453
12501,10.8616287,2.382256298
12505,2.701716046,4.709748083
12506,2.519167579,6.872946331
1251,15.89996331,0.328587076
12512,2.482657996,6.024096386
12519,0.547645126,8.050383352
12520,0,5.668127054
12523,9.036144578,5.859802848
12528,0.766703176,13.9101862
12529,3.632712486,1.779846659
1253,0,34.44687842
12535,0.602409639,7.420591457
12536,11.11719606,1.314348302
12541,1.661190197,7.420591457
12545,9.437751095,2.409638554
1255,0,18.15443593
12557,0,1.725082147
1256,0,9.884994524
12567,0.711938664,10.07667032
1257007,5.038335159,7.776560789
12571,0.200803217,8.461117196
12581,3.943044907,6.65388828
1258744,3.121577218,10.76122673
1259,0,32.42059146
12590,0.711938664,9.939759036
12596,11.19021495,2.437020811
12598,1.004016073,15.63526835
1260,0.109529025,21.79627601
12600,1.314348302,16.59364732
12602,2.592186747,9.91237678
12603,5.841548193,4.627601314
12614,4.947061336,6.325301205
12622,0,1.916757941
12623,9.090909091,3.587075575
1262655,7.520993154,3.039430449
12628,3.669222344,7.940854326
12629,1.77071925,6.243154436
12630,0,12.5958379
12632,6.097115553,3.012048193
12634,6.900328587,9.145673604
12636,3.833515882,13.2803943
12654,12.79664129,4.299014239
12657,10.98941265,1.779846659
12659,2.500912651,17.38773275
12662,1.25958379,19.49616648
12669,2.884264513,9.145673604
12671,15.35231818,2.464403067
12672,1.314348302,14.64950712
12677,1.223074124,20.4271632
1268,0.346841922,15.08762322
12689,2.665206462,16.78532311
12692,11.64658625,0.903614458
12696,6.097115553,10.32311062
12698,11.00766703,8.570646221
12703,0.949251561,15.2245345
12705,13.16173768,1.889375685
12709,10.16794496,6.43483023
12717,14.16575411,0.985761227
12732,1.515151506,17.36035049
12735,13.32603176,5.312157722
12738,11.04417634,3.860898138
12748,14.05622453,3.751369113
12753,12.26725082,0.438116101
12754,4.162102957,12.8422782
12766,8.853595838,6.544359255
12767,4.271631982,13.38992333
12768,0.894487048,20.83789704
1279492,3.285870756,1.067907996
128,0,14.62212486
12810,13.67287349,6.489594743
1284,6.480467141,13.93756846
12842,15.97298248,4.134720701
1285465,5.951077218,1.807228916
1286,3.596202903,2.765607886
1286387,3.012048193,12.67798467
1289,0.21905805,24.80832421
129,11.33625411,11.14457831
1293,1.332603231,20.45454545
12942,0.45637092,14.10186199
1297,9.985396221,12.1577218
1301,6.71778012,1.25958379
1303,10.8616287,17.66155531
13042,0.80321287,8.105147864
1314,13.83716676,0
1318823,5.093099671,6.024096386
1319,20.81051479,1.286966046
132,14.09273467,3.915662651
1321,4.125593373,16.34720701
1322,5.604235214,13.08871851
1323,6.297918949,6.818181818
1324132,2.427893483,10.13143483
1326,0,0
1326270,12.90617059,0
1332,4.143848028,4.791894852
13327,12.74187651,0
133294,5.184373494,0
13332,2.774735214,10.43263965
13349,5.056590088,10.13143483
1335297,7.429718784,2.081051479
13356,6.480467141,5.010952903
13363,11.02592169,1.588170865
13364,5.038335159,7.119386637
1337,13.54508954,0
13377,4.089083516,10.26834611
1338088,7.685286966,0
13390,8.123402519,0
13397,0.45637092,19.03066813
13410,5.385176889,6.462212486
134116,1.423877327,5.284775465
13428,0.237312897,12.26725082
13429,7.028112267,6.982475356
134427,4.289886911,11.91128149
13448,0,20.34501643
134525,3.870025465,5.17524644
13455,5.202628697,3.422782037
1345772,10.77035378,0
134580,4.709748083,5.558598028
1346,13.34428642,10.10405257
134604,5.494706462,2.95728368
13462,12.43154436,0
134665,6.425702903,1.286966046
134961,3.194596659,0
13501,0.438116101,16.04600219
13503,8.378970427,8.406352683
1350354,4.143848028,6.516976999
13507,0,14.81380066
13516,1.332603231,12.56845564
135235,3.358889923,12.95180723
13535,9.163928532,0
13541,0,10.87075575
1355,8.65279299,16.31982475
13551,5.202628697,9.611171961
1355143,7.447973713,0.547645126
13559,6.553486309,4.764512596
1356,24.82657831,0
13568,6.71778012,0
1356998,0.602409639,0
135701,12.1577218,0
1359,22.28915663,0.821467689
13593,10.22270865,0
13597,3.906535049,7.17415115
1360870,17.57940854,0
1361,11.77437021,7.037239869
13614,14.00146084,0
13617,2.300109529,14.3483023
13619,10.22270865,0
1362,3.212851588,4.627601314
1363,9.529025192,3.751369113
1363328,24.26067908,0
13639,10.04016101,0
136470,6.15188034,0
1365,22.28915663,2.026286966
136569,4.819277108,0
13665,6.334428532,0.438116101
13671,1.223074124,13.63636364
13678,7.831325301,10.02190581
13680,3.997809419,18.89375685
136872,6.644760679,0
1370011,5.987586802,5.120481928
13705,8.525009036,3.888280394
13709,0,17.55202629
13718,0,15.52573932
1372657,20.50018346,4.874041621
13749,6.900328587,0
1376,3.176341731,1.067907996
13771,0.018254838,2.601314348
137759,3.267615827,5.366922234
1377599,10.46002191,5.449069003
1378340,8.634538061,19.27710843
13786,8.123402519,0
13789,1.405622399,0
13792,9.875866922,0
13802,0,1.341730559
13816,0,3.203723987
1384402,24.93610789,1.670317634
13849,3.395399781,0
138594,0.237312897,9.282584885
138619,0.054764513,9.802847755
13875,0,1.916757941
1388,13.8189121,2.656078861
1388040,8.65279299,18.23658269
13888,0,1.944140197
1388856,8.360715498,15.06024096
1388934,23.36619277,0
13904,0,6.900328587
139053,0.657174151,7.119386637
13906,8.65279299,0
139060,5.585980285,3.888280394
1390672,0,30.14786418
139137,1.004016073,13.11610077
13915,0.29207741,3.915662651
13918,8.634538061,0.109529025
1392,6.681270537,11.22672508
139282,5.640744797,7.256297919
139339,2.37312897,4.819277108
13942,12.35852547,0
139421,0.146038708,9.008762322
13948,8.798832147,0
13953,11.66484118,0
13954,1.25958379,28.83351588
1396,14.9872218,4.901423877
139624,6.936838445,5.859802848
13965,17.54289869,0
13968,0,2.929901424
139686,4.947061336,4.654983571
13974,13.21650219,9.090909091
13975,5.640744797,0
1398,5.69550931,7.803943045
13988,0.565899945,4.764512596
13995,17.70719168,3.47754655
14009,9.163928532,17.00438116
14012,5.166119113,0
14013,13.76414732,0
14014,15.68090526,0.273822563
14015,10.67907996,4.408543264
140259,0,6.188389923
14038,1.040525739,0
140430,0.164293538,4.518072289
14065,13.58159912,0
14066,14.80467306,2.765607886
1407,0,8.406352683
14072,0.21905805,28.39539978
1408,0.711938664,17.46987952
14082,0.073019354,18.56516977
14084,0,21.79627601
14085,0,21.65936473
14086,3.413654436,1.752464403
14087,9.839357612,6.024096386
14088,5.348667306,8.734939759
140893,0.401606435,5.996714129
14090,9.145673604,6.790799562
140938,5.129609529,8.105147864
14095,0,13.49945235
14097,7.320190033,3.532311062
14099,0,10.95290252
141028,4.508944962,15.74479737
14103,6.827308872,0
14106,0.675428998,11.36363636
14108,14.16575411,0
14110,0.912741867,15.25191676
14111,0.346841922,19.46878423
14112,4.417670591,10.78860898
1412,3.413654436,24.50711939
14121,2.15407092,19.93428258
14123,0,29.98357065
14125,0,25.57502738
141264,9.236947974,8.351588171
14127,12.35852547,0
14129,0,35.62431544
14132,0,20.20810515
14133,12.0847029,0
14137,9.930631435,6.106243154
14142,2.646951533,13.033954
14144,0.164293538,21.08433735
14150,20.9017897,3.258488499
14151,12.97918949,7.776560789
14152,0,20.29025192
14157,3.176341731,17.1686747
1416,6.352683461,11.85651698
14163,2.391383899,8.680175246
14168,1.314348302,21.27601314
14169,12.50456407,0
14170,1.442132256,5.339539978
14171,0,29.95618839
14172,0.74844833,20.45454545
14174,0.438116101,22.56297919
14177,0,0.054764513
1418,3.304125685,22.39868565
14183,0.711938664,20.37239869
14184,3.687476999,24.34282585
14186,3.924789978,5.010952903
14191,0,25.54764513
14193,7.411464403,0
14196,10.02190581,4.463307777
1420,10.24096386,7.803943045
14204,0,18.70208105
14205,0,23.932092
14209,3.066812705,17.66155531
1421,0,0
14210,0,30.39430449
14214,3.760496714,8.734939759
14217,3.048557777,22.59036145
14218,2.939029025,23.95947426
14219,15.82694414,0.246440307
14220,0,2.081051479
14221,1.679444962,12.95180723
14226,17.98101424,0
14227,1.314348302,21.00219058
14228,8.30595126,1.396495071
14230,3.870025465,19.96166484
14232,0,27.71084337
14240,16.77619551,5.120481928
14241,0,3.148959474
14243,0,3.532311062
14246,2.592186747,19.16757941
14247,0.930996714,27.92990142
14249,12.43154436,0
14252,0,26.5060241
1425456,0.711938664,7.3932092
14255,0,26.58817087
14259,21.33990526,0
14261,5.330412651,12.32201533
14264,0,27.84775465
14274,8.543263965,0
14290,6.261409365,2.190580504
14293,4.472435378,12.78751369
14297,13.43556024,4.299014239
1430,19.02154162,0.821467689
14300,9.163928532,0.492880613
14303,22.96458653,0
14310,5.47645126,0
14313,8.360715498,4.95618839
14316,0,5.230010953
14323,0,29.24424973
14324,8.725812432,5.805038335
1434,11.42752848,1.314348302
14340,22.14311884,0
14342,15.73567004,0
14348,12.23074151,9.090909091
14349,4.618473987,18.53778751
1436,4.819277108,3.778751369
14363,0,20.31763417
143642,10.8616287,2.163198248
14365,0,17.08652793
14367,5.841548193,10.81599124
143698,4.545454545,8.159912377
14371,0,0
143777,2.500912651,4.490690033
1438,7.447973713,13.77327492
143812,7.447973713,1.533406353
143878,0.328587076,9.255202629
14389,0,15.69003286
143900,1.204819277,5.47645126
14392,0,0
143935,3.815260953,4.682365827
143990,1.77071925,4.43592552
14401,0,15.71741512
14403,8.451989869,7.69441402
14407,5.293903067,11.00766703
14408,3.066812705,8.762322015
14412,25.10040088,0
14413,2.975538609,1.834611172
144181,6.663015882,2.327491785
144183,0.383351588,8.269441402
144191,3.979554765,6.106243154
14422,17.4881339,8.023001095
14428,11.66484118,5.147864184
14436,16.00949261,0
14438,13.67287349,0
14451,0,23.95947426
14457,0.857977382,15.71741512
14458,5.768529025,18.15443593
144581,0,6.845564074
1446,6.261409365,12.37677985
14461,17.88974151,6.106243154
14465,6.188389923,22.31653888
14468,18.76597207,5.17524644
14471,2.95728368,20.15334064
144731,8.689302848,0.821467689
14478,19.84300931,4.244249726
144808,4.454180175,1.150054765
144819,0.766703176,3.587075575
14484,15.93647317,4.545454545
14486,7.557502738,13.25301205
144886,2.044541813,5.887185104
144928,3.596202903,4.983570646
144938,6.516976999,0.547645126
14494,0,17.52464403
14496,11.9751736,0
14499,22.59948795,3.504928806
145,4.746257941,11.00766703
145035,2.902519168,3.450164294
14504,17.81672125,0
14506,2.026286966,25.65717415
14514,24.93610789,0
14520,0,15.8543264
1453,22.10660734,0
14532,0,14.29353779
145363,1.186564485,2.573932092
14541,0,6.872946331
145412,1.569915936,2.135815991
14542,10.77035378,0.465498357
14549,25.35596933,0
14550,16.68492169,0
14551,0,6.297918949
145516,0.949251561,1.944140197
14552,15.68090526,2.108433735
14558,0,7.146768894
1456,19.82475356,0
14565,7.758306134,2.464403067
14567,0,18.34611172
14571,4.5637092,0
145768,9.802847755,13.22562979
1458,11.39101862,4.600219058
14580,4.125593373,5.996714129
14582,5.074844743,6.681270537
14584,14.38481188,1.341730559
145879,7.283680175,1.095290252
14592,10.31398357,6.544359255
145920,3.139831873,0.821467689
14595,0,0
14597,15.44359255,2.21796276
14598,17.36035049,0
14599,21.04782859,0
146,0,37.18510405
146009,0,3.833515882
14601,15.60788609,0
146022,3.32238034,8.077765608
14615,0,11.5279299
1462,14.42132202,0.629791895
14623,17.76195783,3.833515882
146253,7.3932092,1.834611172
146274,8.525009036,0
1463,1.715954819,5.668127054
14635,14.95071194,0
14636,24.80832421,0
146386,4.454180175,4.682365827
1464,20.11683187,0
14641,6.626506024,0
14644,0,21.60460022
146457,0,4.518072289
146471,8.488499452,0
146495,0.036509677,9.282584885
14653,24.77181544,0
146541,0,14.43044907
146557,4.874041621,5.065717415
146561,1.93501276,8.214676889
146621,0,1.396495071
146648,4.289886911,3.860898138
14669,3.377144852,9.364731654
14674,0,12.45892662
146762,0.054764513,8.488499452
14677,10.98941265,2.902519168
146792,2.482657996,5.038335159
146797,0,8.023001095
14682,0,1.725082147
146822,6.516976999,6.352683461
146863,1.752464403,1.232201533
146918,2.665206462,6.736035049
146937,1.442132256,2.847754655
146966,0.182548384,1.150054765
14698,0.45637092,18.31872946
1470,0.492880613,17.05914567
14703,15.18802492,0
147036,3.32238034,0.657174151
147111,8.926615553,0.492880613
147167,2.665206462,0.438116101
147168,8.890105969,1.588170865
14720,0,23.43921139
14721,7.429718784,0
147267,3.340635268,0.848849945
14727,4.89229655,0
147323,6.425702903,5.17524644
14736,19.56918675,0
147361,12.5958379,0.109529025
147383,0.438116101,0
14740,19.53267689,0
147458,2.245345016,14.3483023
147475,1.843738499,4.95618839
147523,7.484483571,1.423877327
1476,3.340635268,11.36363636
14763,4.417670591,19.66046002
14767,22.19788226,0
147707,3.377144852,10.70646221
14773,14.58561501,0
147770,9.711573658,0.438116101
14782,26.067908,0
14784,7.97736391,5.750273823
147841,6.736035049,6.161007667
147862,5.56772563,14.40306681
147901,6.443957558,0.52026287
14794,8.525009036,11.99342826
147977,4.545454545,0.492880613
14798,25.46549836,0
148,7.429718784,17.49726177
14801,0,19.27710843
14802,22.39868565,0
148037,14.22051862,0
14804,18.10879792,0
148048,4.874041621,0
14805,19.80649945,2.765607886
14814,25.00912815,0
148153,6.9550931,10.62431544
14816,14.56736035,15.8543264
148194,5.604235214,7.557502738
1482,12.30376068,6.900328587
148202,0.96750638,13.36254107
14821,17.81672125,1.725082147
148256,3.650967415,16.42935378
1483,11.82913472,3.997809419
14831,19.53267689,0
148333,0,5.91456736
148334,0,5.312157722
148341,8.543263965,6.982475356
148383,5.056590088,7.803943045
148393,4.417670591,5.832420591
1484,5.385176889,6.297918949
148424,4.910550931,3.723986857
148456,3.249361172,0
148485,5.585980285,5.996714129
148490,3.742241785,13.38992333
148541,5.859802848,13.41730559
14855,11.75611555,8.871851041
1486,5.020080504,9.775465498
14865,17.94450438,0
1487,0.693683817,20.70098576
148730,0,5.339539978
148756,7.502738226,10.2135816
1488,23.32968237,0
1489,4.362906079,21.90580504
14893,5.859802848,14.86856517
14897,18.38262048,6.43483023
1490,0.29207741,11.00766703
149025,6.206644578,9.145673604
14924,11.3179989,4.846659365
14926,10.204454,0
149267,4.80102218,3.47754655
149295,10.551296,5.722891566
1493,20.15334064,0
149314,10.00365088,6.708652793
149339,6.973348028,7.886089814
149399,3.176341731,9.200438116
14941,15.60788609,1.204819277
149459,8.378970427,4.299014239
14949,20.28112432,8.077765608
14950,1.350857996,18.89375685
14951,20.29937842,0.629791895
149511,6.243154436,0.848849945
149548,8.944870756,4.43592552
149563,5.622489869,6.790799562
1496,19.69696988,0
149671,9.638554217,0
149676,9.291712486,0
1497,22.48995893,0
149704,5.585980285,3.121577218
149712,2.884264513,0.711938664
149738,8.963125411,6.106243154
149744,6.425702903,6.872946331
149751,5.056590088,6.106243154
149775,3.815260953,5.558598028
1498,6.681270537,13.33515882
149836,4.673238773,1.588170865
149843,7.320190033,0
149865,4.983570646,0
149887,0,9.583789704
149916,1.186564485,5.230010953
14995,16.59364732,0
149951,4.052573932,7.91347207
149972,2.592186747,10.18619934
149973,4.947061336,4.572836802
1500,23.74954272,0
15000,24.95436199,0
15001,0.091274189,2.108433735
150024,7.721796276,2.820372399
150032,8.871851041,7.092004381
150033,4.289886911,10.6516977
15006,17.59766429,0
15011,6.736035049,0
150165,11.11719606,1.369112815
15019,8.963125411,4.983570646
150192,6.005841183,4.983570646
1502,8.251186473,2.95728368
150205,3.413654436,0
150234,3.797006298,6.133625411
1503,13.56334419,4.271631982
150338,5.494706462,1.615553122
150351,12.46805394,1.752464403
150362,2.592186747,5.750273823
150372,8.707557503,7.803943045
150376,0.74844833,5.996714129
150387,0.602409639,1.533406353
150397,9.620299836,3.395399781
150399,3.723986857,3.587075575
1504,7.740050931,15.60788609
150437,7.320190033,2.190580504
15045,11.81088034,10.59693319
150511,0.657174151,0.492880613
15059,8.908360624,9.967141292
15061,19.9890471,0
15064,25.62979189,0
15066,9.693318729,14.10186199
150661,13.83716676,3.997809419
15068,17.70719168,3.669222344
1507,2.683461117,26.99890471
150723,6.918583242,0.273822563
1508,20.46367196,0
15083,6.334428532,12.37677985
150836,5.129609529,4.408543264
15084,3.194596659,17.55202629
1509,1.69769989,16.15553122
15090,10.8616287,2.437020811
150922,0.29207741,0.492880613
150943,0.45637092,9.200438116
150959,4.43592552,6.051478642
15096,2.628696605,17.44249726
150991,6.681270537,3.669222344
151,5.713764239,12.32201533
151037,2.062796632,10.26834611
15107,11.08068647,11.74698795
151073,0.985761227,11.30887185
1511,1.241328943,12.86966046
15111,10.02190581,15.79956188
151129,2.829499726,0.684556407
151177,3.54143839,0
1512,12.68711172,0
15122,7.922599124,7.092004381
151279,4.508944962,0
151299,1.296093373,7.721796276
151333,9.583789704,0.794085433
151334,0.492880613,5.969331873
151337,5.82329299,6.544359255
15139,1.423877327,18.86637459
151404,3.304125685,4.791894852
151438,6.589996714,0.465498357
151479,9.255202629,0
1515,11.48229299,13.36254107
15155,4.910550931,5.147864184
151579,3.54143839,7.639649507
151622,0.602409639,9.39211391
151633,0.839722508,14.10186199
151683,5.093099671,1.040525739
1517,1.186564485,29.02519168
151705,1.515151506,5.777656079
151746,2.519167579,1.040525739
151794,1.861993428,9.227820372
151797,3.504928806,5.941949617
1518,12.44979929,18.20920044
151809,1.204819277,5.722891566
15181,0,38.38992333
151811,3.924789978,7.69441402
151826,0.912741867,9.282584885
15184,13.21650219,9.638554217
151870,3.778751369,4.518072289
151876,6.608251095,4.928806134
15199,13.63636364,5.257393209
151997,1.788974069,6.872946331
152,25.37422344,0
152001,3.797006298,3.970427163
15206,18.14530942,0
152074,1.186564485,13.25301205
1521,21.86929628,0
15211,15.06024096,8.871851041
15214,3.997809419,15.82694414
152152,5.166119113,1.040525739
15217,4.180357612,9.583789704
152212,2.847754655,10.48740416
152218,1.715954819,12.95180723
152271,5.166119113,1.670317634
152300,3.450164294,6.599123768
152368,4.855786966,14.37568456
152373,6.170134995,8.105147864
152379,3.158087076,6.900328587
1524,1.588170865,15.14238773
152411,2.792990142,17.19605696
152424,7.338444688,4.983570646
152441,3.066812705,11.7196057
152472,8.744066813,0.52026287
15249,4.070828861,25.27382256
152518,8.397225082,4.21686747
152543,3.559693319,9.474260679
15255,3.870025465,13.49945235
152557,1.734209611,7.119386637
15256,18.49214951,0
1526,6.188389923,14.01971522
15260,10.56955093,8.406352683
15263,22.74552738,0
152638,4.180357612,8.13253012
152671,4.052573932,7.119386637
15268,0,27.6286966
152694,4.819277108,3.340635268
15270,0,11.69222344
15274,3.559693319,12.76013143
15275,24.77181544,0
152752,1.715954819,19.7973713
152767,3.285870756,4.518072289
1528,9.309967141,22.75465498
15282,7.082877054,23.02847755
152824,6.243154436,1.588170865
152831,6.571741512,7.146768894
152857,3.103322289,0.21905805
15287,4.819277108,19.74260679
152917,1.971522453,9.583789704
152962,8.123402519,5.859802848
152984,1.058780559,8.762322015
15299,10.60606079,8.077765608
153,15.00547645,2.765607886
1530,24.62577601,0
153003,4.052573932,5.613362541
15301,11.57356681,9.008762322
153010,7.13764184,1.067907996
153011,2.263599671,11.41840088
15302,5.439941676,8.680175246
153022,8.032128697,4.326396495
153039,0,6.297918949
15304,14.45783133,0
15306,21.24863089,0
15310,11.44578313,7.146768894
15311,1.661190197,18.37349398
15312,0,15.99123768
15315,13.27126698,5.038335159
153165,3.596202903,8.378970427
153197,1.25958379,5.91456736
15320,1.332603231,5.613362541
153215,8.47024425,5.887185104
15322,2.263599671,9.884994524
153225,9.729828313,0.575027382
15327,8.214676889,6.078860898
153284,2.920774096,3.6966046
153286,4.527199617,7.776560789
153312,0.21905805,5.531215772
15332,2.245345016,15.82694414
15335,0.657174151,3.313253012
15338,3.249361172,16.67579409
15339,8.159912377,14.26615553
153416,2.537422234,0.547645126
153418,13.89193154,3.148959474
153420,4.472435378,0.711938664
15343,10.67907996,7.447973713
15345,8.032128697,6.626506024
15347,15.06024096,5.668127054
153529,1.022270893,1.560788609
153543,5.111354326,3.751369113
153544,0.346841922,11.47316539
153569,3.723986857,2.272727273
153594,6.790799562,3.176341731
1536,4.289886911,11.39101862
15362,4.43592552,17.57940854
153622,9.857612267,7.502738226
15364,0.73019351,15.6626506
153762,2.884264513,8.242059146
15381,19.38663746,2.984665936
153828,3.596202903,5.969331873
153835,1.350857996,8.899233297
153866,2.701716046,15.69003286
153885,9.45600575,0.876232202
153899,7.849579956,2.327491785
153959,2.975538609,1.067907996
15396,4.39941621,21.35815991
153962,2.95728368,4.654983571
154003,7.101131435,6.297918949
15410,13.92844058,9.008762322
154122,3.176341731,12.78751369
154132,7.557502738,4.162102957
15416,1.606425794,23.90470975
154196,2.975538609,5.284775465
154197,1.241328943,13.22562979
154202,0.74844833,15.90909091
154204,4.070828861,5.394304491
154207,0.821467689,12.65060241
154219,1.241328943,7.584884995
154232,4.198612541,8.159912377
154259,3.650967415,6.243154436
154276,10.71559009,1.067907996
15428,12.3950345,16.67579409
154284,4.691493154,11.36363636
154291,8.671047645,2.245345016
15430,1.752464403,11.28148959
154307,13.17999315,0
15437,21.63198248,0
154378,3.431909639,8.871851041
154382,1.25958379,12.34939759
154395,0.474625767,15.74479737
154396,0.45637092,10.62431544
1544,9.529025192,6.489594743
15440,0,19.19496166
154434,0.310332229,0.465498357
154469,4.235122125,0.273822563
154474,0.45637092,12.29463308
154520,0.711938664,10.02190581
154539,8.032128697,2.327491785
154559,3.103322289,7.420591457
15457,22.92807503,0
154573,0,9.884994524
15458,19.97079244,0
15459,0,28.20372399
154598,0.74844833,11.91128149
15461,0,25.41073384
154637,0,7.283680175
154644,0.21905805,4.162102957
154669,4.034319277,6.736035049
154695,0.273822563,11.28148959
154722,1.880248357,11.66484118
154739,0.620664485,11.14457831
154766,3.815260953,5.91456736
154778,1.004016073,8.296823658
154794,0.438116101,10.87075575
154795,0,1.971522453
154817,0,5.284775465
154822,8.451989869,6.599123768
15485,3.066812705,17.79846659
154855,7.502738226,8.789704272
154861,6.9550931,0.903614458
154864,3.012048193,5.230010953
154879,1.752464403,9.419496166
154892,4.034319277,7.17415115
154893,4.581964403,4.134720701
1549,15.51661227,4.326396495
15490,20.71923987,1.971522453
154923,1.113545071,5.558598028
154926,0.584154819,0.876232202
154939,2.464403067,11.03504929
154945,0.73019351,6.872946331
154957,2.464403067,11.11719606
154964,5.439941676,11.30887185
154970,1.296093373,15.88170865
154980,0,2.21796276
154983,3.212851588,12.76013143
154992,0.711938664,5.449069003
154998,0.547645126,0.027382256
154999,1.095290252,17.44249726
15500,17.83497536,0.602409639
15502,24.05987678,0
155024,3.943044907,4.983570646
155029,10.8616287,2.409638554
155035,0,2.820372399
155036,14.16575411,0.246440307
155058,1.004016073,20.4271632
155064,1.734209611,1.013143483
155074,0.74844833,8.871851041
15508,23.09237021,1.040525739
155081,1.25958379,6.9550931
155089,4.837531763,6.407447974
15509,2.920774096,12.48630887
155093,0.036509677,1.779846659
155101,1.496896687,7.886089814
155106,1.186564485,7.639649507
155108,2.756480559,11.36363636
155113,3.212851588,10.89813801
155116,4.472435378,3.532311062
155125,0.839722508,16.67579409
155131,2.61044195,7.584884995
15515,7.009857612,9.529025192
155162,8.159912377,6.325301205
15518,2.829499726,4.545454545
155193,3.723986857,4.353778751
15520,2.792990142,31.02409639
155200,12.01168264,0
155204,3.358889923,6.927710843
155205,5.658999452,1.889375685
155219,3.906535049,11.77437021
155227,3.705732202,9.857612267
15523,3.778751369,0
155235,1.442132256,14.40306681
155243,0.182548384,14.75903614
155248,0.310332229,9.474260679
15526,6.71778012,15.82694414
155261,0.74844833,12.37677985
155262,3.979554765,8.406352683
155263,3.139831873,11.30887185
155268,2.409638554,7.639649507
155288,1.661190197,11.0898138
155295,5.147864184,6.872946331
15530,5.786783406,25.35596933
155307,3.121577218,12.65060241
15532,2.939029025,15.96385542
155330,8.196421687,1.177437021
15535,0,36.66484118
155358,2.008032174,12.70536692
15536,2.354874042,4.353778751
15538,5.220883899,9.583789704
15541,4.782767525,14.84118291
155424,1.223074124,12.10295728
155425,8.65279299,7.338444688
155426,5.439941676,11.06243154
155432,4.490690033,9.008762322
155442,0,10.59693319
155444,1.496896687,8.324205915
155448,8.926615553,1.642935378
15545,2.318364184,1.834611172
155451,0.821467689,15.03285871
155458,5.257393209,8.324205915
155468,0,11.00766703
15548,1.843738499,20.97480832
155521,0.912741867,21.54983571
15555,1.204819277,22.75465498
155566,1.241328943,14.97809419
155567,3.742241785,8.324205915
155570,0.529390279,9.857612267
155575,1.113545071,13.2803943
155585,15.35231818,0
155590,0,19.44140197
155599,0,17.85323111
15560,0,27.49178532
155600,4.764512596,1.752464403
155602,11.28148959,0
155607,2.573932092,5.065717415
155616,1.369112815,15.11500548
15562,19.69696988,0
155622,0.255567727,16.26506024
155627,0.310332229,13.77327492
15565,21.37641457,1.971522453
155653,1.734209611,18.53778751
15566,23.03760405,0
155674,1.569915936,14.51259584
155675,5.184373494,11.39101862
155676,7.849579956,5.832420591
155699,1.569915936,19.96166484
155706,0,13.9101862
15573,21.17561227,2.409638554
15574,21.55896221,0
155742,2.993793264,15.08762322
155759,0,22.89156627
15576,16.90397974,0.684556407
15577,24.1328943,3.012048193
155786,9.45600575,3.368017525
155787,1.825483708,7.365826944
1558,12.44979929,10.40525739
155807,4.21686747,11.22672508
15581,10.36874726,5.038335159
155820,6.389193319,13.00657174
155828,7.995618839,7.3932092
15583,3.012048193,29.18948521
155837,1.496896687,12.21248631
155839,0.273822563,19.87951807
155840,3.431909639,10.76122673
155872,2.792990142,12.13033954
155873,1.734209611,9.802847755
155897,4.5637092,8.159912377
15591,0,35.46002191
155912,8.963125411,2.21796276
15594,0.876232202,6.380065717
155949,9.930631435,5.449069003
15596,4.874041621,11.99342826
155973,3.851770811,13.36254107
156,0.21905805,12.76013143
15600,17.43337021,0
156015,2.665206462,11.22672508
156021,2.318364184,15.60788609
156027,3.176341731,11.30887185
156038,3.212851588,15.8543264
156060,10.75209912,1.095290252
156069,1.350857996,12.1577218
156073,1.551661145,14.62212486
156074,2.318364184,9.282584885
15608,15.69915991,0.821467689
156082,2.227090088,5.394304491
156105,2.719970701,10.24096386
15612,16.99525356,3.450164294
156124,3.468419222,8.817086528
156156,2.774735214,7.69441402
156159,9.054399233,1.040525739
15616,14.05622453,1.369112815
156160,7.685286966,3.285870756
156168,3.048557777,12.26725082
15618,20.53669222,0
15619,20.51843757,0
156194,6.516976999,0.191675794
156195,1.661190197,15.36144578
15621,20.664477,0
15622,14.12924425,7.256297919
15624,0,9.419496166
156248,5.82329299,3.997809419
15625,2.208835433,19.90690033
156257,0.565899945,21.38554217
156258,9.163928532,12.07557503
156264,9.565535049,0.410733844
156273,10.14968949,7.447973713
15628,15.77217963,9.474260679
156284,7.940854326,6.516976999
15629,23.60350493,0
156330,9.291712486,7.721796276
156333,7.703541347,7.365826944
156338,1.551661145,10.81599124
15634,12.44979929,15.79956188
156349,2.519167579,8.926615553
156351,1.971522453,12.07557503
15636,6.005841183,18.51040526
15638,3.304125685,18.0449069
15639,7.429718784,20.18072289
156391,6.024096386,6.763417306
156402,1.077035433,19.9890471
156423,8.944870756,4.271631982
156442,2.482657996,13.25301205
156447,5.385176889,6.763417306
156473,0.784957996,22.07009858
156489,11.29974425,4.846659365
156490,3.888280394,7.639649507
15650,0,24.28806134
15651,0,14.81380066
156510,0.96750638,23.30230011
15652,7.338444688,17.11391019
156522,10.51478642,6.9550931
15654,3.066812705,18.89375685
156545,0.784957996,20.72836802
156549,10.56955093,7.228915663
156555,2.336619387,16.5388828
156562,9.109163746,8.378970427
156566,4.052573932,15.06024096
156602,3.231106243,13.63636364
156609,2.86600931,4.682365827
15662,6.078860898,11.966046
156635,12.77838664,2.929901424
156658,7.466228368,7.858707558
15666,2.537422234,22.72727273
156660,3.614457831,9.282584885
156701,0.894487048,11.06243154
156710,13.16173768,0.602409639
156735,5.82329299,0.164293538
156753,0,9.693318729
15681,13.28952163,4.928806134
156815,0.74844833,12.29463308
15683,0,22.64512596
15686,16.57539239,9.775465498
15687,5.202628697,22.01533406
15689,3.797006298,14.3483023
156910,6.133625411,4.107338445
15693,0,18.34611172
156950,2.811244797,11.7196057
15700,2.792990142,9.665936473
157008,4.362906079,7.667031763
157016,3.687476999,12.07557503
15702,17.08652793,5.120481928
15704,19.95253834,0
157063,6.261409365,9.419496166
157077,12.81489595,0
157090,0,13.11610077
157136,0.930996714,12.56845564
15714,23.62176068,0
15715,11.20847043,16.9769989
15718,11.86564403,11.80175246
157185,6.626506024,7.228915663
15720,10.58780613,4.079956188
157265,14.36655723,3.422782037
157298,10.18619934,5.750273823
15744,1.058780559,24.04162103
15745,1.93501276,16.75794085
15748,5.604235214,4.408543264
15755,25.648046,0
15756,18.54691402,6.380065717
15760,6.663015882,27.57393209
15767,6.516976999,12.5958379
15797,3.32238034,14.15662651
15799,7.740050931,17.85323111
15803,8.999634447,5.257393209
15808,12.35852547,2.519167579
15822,6.425702903,19.87951807
15826,11.06243154,7.612267251
15837,9.036144578,13.82803943
15851,18.51040526,3.066812705
15869,0,28.6966046
15897,12.88791512,7.530120482
15899,0,6.599123768
15912,22.58123494,3.313253012
15923,20.50018346,0
159363,3.54143839,14.21139102
15961,6.462212486,8.324205915
1598,25.92186857,0
16011,13.39905093,0
160192,6.352683461,14.37568456
160448,20.73749452,0
1605,0,24.97261774
1610,0,0
16110,18.34611172,1.588170865
16111,0,25.76670318
1612,0,23.43921139
161337,22.58123494,4.162102957
1617,5.202628697,0
16195,24.31544359,0
16200,10.22270865,8.378970427
162136,10.87988335,0
16218,2.95728368,18.61993428
16223,19.67871577,0
16239,16.9769989,2.437020811
1624,0,0
16240,7.648776561,5.668127054
16242,20.8652793,0
16245,10.07667032,11.5279299
16247,0,27.27272727
16248,0.45637092,10.59693319
16254,25.15516703,0
162548,6.498722344,5.421686747
1626,0,30.53121577
162615,11.9751736,0
162638,1.551661145,12.34939759
162660,10.204454,6.078860898
162712,9.529025192,0.136911281
162715,4.508944962,5.17524644
162731,7.064622125,3.587075575
162797,9.364731654,0
162833,4.39941621,8.159912377
162845,4.965315717,3.915662651
162874,12.1577218,2.327491785
162879,9.510770537,1.013143483
162894,4.43592552,14.64950712
162912,0,11.80175246
162919,3.906535049,13.44468784
162937,11.5188023,0
162970,9.875866922,0
162985,9.182183187,0
16299,4.162102957,18.483023
162990,8.853595838,0
163002,7.247170591,6.516976999
163010,6.170134995,11.14457831
163038,8.032128697,4.572836802
163048,0.949251561,12.1577218
163053,8.378970427,0
163093,11.75611555,0
163102,8.616283406,0.465498357
163107,6.370938116,5.284775465
16311,23.23840909,2.300109529
163110,3.395399781,15.71741512
163127,12.99744441,0
16316,0,37.45892662
163163,1.168309693,13.22562979
163171,1.095290252,16.9769989
1632,18.23658269,0
163223,10.93464786,0
163239,0.182548384,7.037239869
16331,19.51442223,0
16335,21.96056955,0.602409639
16351,18.87550219,0.95837897
163518,8.634538061,2.464403067
16362,13.52683461,1.232201533
163629,0.255567727,20.26286966
16363,24.53450164,2.491785323
163638,13.92844058,0
163695,0,20.15334064
16374,20.50018346,0
163753,12.30376068,0
163839,12.99744441,0
163861,2.099306271,13.14348302
163904,13.27126698,0
163921,3.815260953,14.89594743
163924,13.32603176,0
163946,0,15.49835706
163954,13.0522092,0
164003,12.10295728,0
164037,8.451989869,2.546549836
16406,20.77400602,5.750273823
164077,9.309967141,2.847754655
16414,6.827308872,15.14238773
164202,3.066812705,13.60898138
164273,5.074844743,11.36363636
164290,0,16.07338445
164300,12.74187651,0
164310,1.350857996,12.62322015
164326,4.162102957,13.14348302
164442,13.50857941,0
164464,0,20.07119387
164544,12.65060241,0.136911281
16455,9.291712486,18.78422782
16457,7.356699617,5.832420591
164690,5.549470427,6.900328587
16473,19.66046002,7.667031763
164766,4.928806134,0
164811,0,14.45783133
164828,7.612267251,0
164907,6.699525465,0
164924,8.178167306,1.506024096
164935,13.63636364,8.899233297
164952,6.15188034,0
164982,0,14.56736035
1650,0,12.45892662
16508,7.247170591,18.31872946
165080,0,9.556407448
1651,24.93610789,0
165103,7.247170591,8.707557503
165121,2.537422234,5.147864184
165136,3.723986857,5.941949617
165155,10.18619934,0
165218,4.618473987,6.489594743
16533,4.910550931,5.750273823
165390,7.849579956,4.43592552
165394,12.83315033,0
165397,0,11.44578313
165517,0,16.67579409
165589,12.46805394,0
165592,12.46805394,0
165663,0,19.08543264
165685,1.47864184,0
165687,5.202628697,6.708652793
165723,10.16794496,0
16573,1.807228916,10.37787514
165765,1.113545071,22.59036145
165771,1.004016073,11.28148959
165881,5.713764239,4.600219058
16598,1.661190197,23.00109529
165983,6.754289704,9.884994524
166007,2.37312897,1.944140197
166061,3.358889923,3.121577218
16610,11.64658625,9.419496166
16611,0,5.613362541
16612,19.93428258,8.242059146
166123,5.768529025,0
16614,0,12.26725082
166156,11.93866375,0
1662,18.87550219,0
16620,3.066812705,4.73713034
166203,7.119386637,3.559693319
166280,4.381161008,5.531215772
16629,0,14.67688938
166334,0,12.70536692
166338,0,13.88280394
16636,0,0
16640,7.082877054,9.967141292
16644,8.378970427,0.438116101
166516,0,15.79956188
166540,7.721796276,11.22672508
166720,6.882073658,0
166926,3.249361172,0
166940,0,1.99890471
167,0,3.012048193
167046,0,13.71851041
167070,3.450164294,0
167129,3.32238034,7.639649507
167160,0,11.17196057
167184,0,5.257393209
167210,5.604235214,4.791894852
167230,0,11.0898138
167288,0,6.681270537
167322,0,13.22562979
167332,6.224899781,1.25958379
167488,3.888280394,10.32311062
167513,6.352683461,1.47864184
167624,0,5.558598028
167651,0,4.052573932
167674,0.255567727,15.47097481
167725,0,0.52026287
167737,11.79262486,0
167775,0,0
167856,2.427893483,1.341730559
167874,15.46184748,0
167883,12.52281873,0
168021,9.967141292,0
168032,8.616283406,0
168075,3.924789978,11.93866375
168097,0,3.422782037
168208,7.904344743,8.023001095
168243,0,13.41730559
168258,0,5.257393209
168331,9.91237678,0
168413,0,4.079956188
168414,2.081051479,0
168461,9.839357612,7.447973713
168529,0,13.71851041
168551,5.23913828,10.10405257
168631,0.839722508,13.00657174
168661,0,13.38992333
168667,19.00328587,0
168672,13.54508954,0
168687,0,28.14895947
168693,4.764512596,1.25958379
168704,0,7.667031763
168718,0,7.475355969
168742,18.2548368,0
168786,7.466228368,7.17415115
168791,7.338444688,14.64950712
168858,5.275647864,0
168891,7.155896221,3.258488499
168905,0,13.33515882
168909,12.34026999,2.710843373
168954,0,10.2135816
168963,11.70135104,0.438116101
168984,12.17597673,6.872946331
169,0.547645126,2.491785323
169017,0,6.626506024
169040,3.158087076,0.52026287
169053,4.30814184,0
169099,3.669222344,4.73713034
169105,0.547645126,23.41182913
169221,0.784957996,0
169243,0,17.79846659
169290,16.70317634,0
169349,5.330412651,16.9769989
169358,8.232932092,0
169364,2.427893483,0
169384,19.550931,0
169392,1.131799836,13.80065717
1694,0,0.082146769
169416,16.06425739,5.722891566
169420,12.63234803,0
169449,14.12924425,0.21905805
169470,7.338444688,0
169473,13.76414732,0
169497,7.283680175,11.17196057
169525,13.80065717,0
169539,4.654983571,0.465498357
169541,6.900328587,1.779846659
169553,9.090909091,0
169571,8.269441402,6.9550931
169580,4.472435378,2.464403067
169586,13.16173768,2.354874042
169598,7.429718784,6.133625411
169626,6.882073658,1.369112815
169640,10.04016101,0
169666,1.150054765,0.438116101
169683,2.482657996,0
169702,5.074844743,12.81489595
169706,1.953267525,10.98028478
169729,2.263599671,12.4041621
169736,0,16.2924425
169796,0,20.50930997
169798,3.797006298,3.751369113
169802,8.78057667,7.886089814
169823,14.40306681,0.164293538
169834,2.026286966,0
169859,17.85323111,0
169870,2.062796632,18.70208105
169873,0.857977382,1.670317634
169888,0,26.67031763
169901,0.328587076,2.710843373
169917,13.8189121,0
169931,21.59547371,0
170073,0,4.353778751
170082,0,21.82365827
170109,7.466228368,0.054764513
170139,15.15151479,0
170142,6.535231928,12.07557503
170153,2.95728368,13.00657174
170183,4.454180175,2.929901424
170192,0.29207741,11.99342826
170205,13.78240197,0
170209,0,30.75027382
170221,14.84118291,5.558598028
170224,0,24.26067908
170302,17.4881339,0
170305,0,17.82584885
170314,0.547645126,23.38444688
170317,8.451989869,0
170331,1.387367634,3.368017525
170333,6.297918949,11.66484118
170337,14.49434118,1.861993428
170339,10.71559009,0
170352,1.277838582,10.98028478
170370,0,7.831325301
170371,15.46184748,3.723986857
170387,1.661190197,9.857612267
170392,0.310332229,20.04381161
170395,3.285870756,4.600219058
170405,0.565899945,26.86199343
170410,11.13545126,2.190580504
170418,23.07411555,0
170425,17.32384064,0
170428,2.190580504,21.13910186
170431,1.515151506,0
170458,1.880248357,23.2475356
170474,4.289886911,0
170495,6.900328587,12.48630887
170513,0,5.284775465
170534,1.332603231,16.23767798
170544,0,0
170565,7.557502738,0
170568,0,0
170571,19.97079244,0
170586,5.421686747,6.106243154
170589,4.80102218,15.44359255
170590,2.15407092,0
170603,4.89229655,10.76122673
170643,13.10697289,8.515881709
170647,1.47864184,9.884994524
170648,7.13764184,10.84337349
170649,8.086892935,0.876232202
170658,0,21.22124863
170664,7.594012596,5.312157722
170678,2.774735214,6.078860898
170694,1.423877327,19.03066813
170696,1.47864184,3.669222344
170699,0,29.3263965
170705,8.287696057,6.489594743
170708,5.531215772,5.996714129
170711,3.870025465,0.985761227
170728,23.82256298,0
170729,2.975538609,13.17086528
170738,9.27345701,8.65279299
170745,12.52281873,0
170747,9.91237678,1.013143483
170758,18.87550219,2.245345016
170767,4.417670591,0
170794,0.182548384,15.79956188
170799,0,20.50930997
170810,0,24.47973713
170856,6.407447974,2.519167579
170945,21.54070756,0
170970,9.675063527,13.2803943
170995,17.37860542,0
171003,3.632712486,6.736035049
171008,0,0.191675794
171022,10.78860898,9.17305586
171029,0,3.148959474
171033,9.638554217,0
171034,10.04016101,10.29572837
171060,0,26.45125958
171065,17.99926889,0
171099,1.624680559,14.29353779
171104,19.24059967,5.613362541
171108,3.888280394,0
171162,0,27.79299014
171186,7.831325301,0
171283,2.665206462,0
171314,20.08032202,0
171350,0,0
171369,15.53486692,0
171397,6.15188034,18.89375685
171416,0,13.80065717
171452,7.97736391,0
171456,3.194596659,10.92552026
171466,0,25.27382256
171504,12.55932777,0
171523,0,6.297918949
171540,0.949251561,10.40525739
171587,1.204819277,0
171595,0,17.14129244
171606,0,1.670317634
171609,0,17.57940854
171644,20.81051479,0
171663,0,10.89813801
171672,7.940854326,3.943044907
171690,3.559693319,15.08762322
171693,25.10040088,0
171695,1.989777382,14.64950712
171715,1.25958379,27.57393209
171716,4.746257941,1.013143483
171718,0,0
171721,6.115370756,0
171725,21.7415115,0
171728,19.36838171,0
171749,5.73201862,3.258488499
171755,5.768529025,22.15224535
171766,0.419861254,0
171776,14.74990827,4.600219058
171777,0.383351588,15.4162103
171829,0,0
171831,8.944870756,0
171860,0,0
171861,0,6.927710843
171888,3.723986857,5.366922234
171934,10.64256982,0
171944,7.904344743,12.02081051
171949,19.45965663,0
171951,4.928806134,7.311062432
171954,0,23.43921139
171956,2.2818546,1.341730559
171983,0,0.054764513
171997,0,24.17853231
172006,4.983570646,0
172015,2.829499726,22.94633078
172023,1.93501276,0
172041,9.309967141,1.286966046
172069,6.973348028,0
172074,2.044541813,19.85213582
172083,6.389193319,0
172085,6.644760679,6.106243154
172086,3.778751369,0
172094,7.411464403,0
172104,2.464403067,4.21686747
172106,12.99744441,3.723986857
172111,20.40890745,5.503833516
172128,5.129609529,8.981380066
172158,0.073019354,0
172173,4.600219058,20.53669222
172181,0,0
172183,5.184373494,15.52573932
172187,5.038335159,8.488499452
172198,24.93610789,0
172207,9.894122399,8.077765608
172209,2.172325685,0
172212,2.920774096,12.4041621
172229,5.147864184,4.299014239
172231,11.20847043,5.722891566
172234,0,2.354874042
172239,10.95290252,5.969331873
172253,13.72763828,0
172255,0,9.364731654
172269,22.08835268,0
172270,0,0
172273,0,19.14019715
172311,14.91420235,9.583789704
172316,2.318364184,16.40197152
172334,2.774735214,0
172387,0.310332229,16.84008762
172391,3.705732202,0.492880613
172478,9.985396221,0.492880613
172481,2.391383899,34.69331873
172492,0,0
172499,24.07813089,0
172525,0,9.884994524
172529,16.11902108,0.191675794
172532,24.84483297,0
172544,19.67871577,0
172546,0,6.708652793
172573,17.56115279,5.47645126
172574,10.77035378,8.625410734
172582,25.19167579,0
172594,9.693318729,4.545454545
172600,25.04563801,0
172605,17.78021194,2.354874042
172607,0,11.30887185
172611,15.11500548,6.626506024
172623,7.667031763,0
172631,25.62979189,0
172637,16.02774726,0
172652,7.338444688,0
172684,21.61372782,0
172691,12.76013143,0
172701,10.71559009,1.423877327
172717,5.786783406,9.036144578
172759,13.9101862,0
172763,0.29207741,13.33515882
172766,21.63198248,2.300109529
172769,3.888280394,2.272727273
172810,18.80248193,0
172840,4.855786966,24.89047097
172853,10.25921878,5.805038335
172856,11.81088034,0
172866,4.362906079,12.45892662
172871,9.309967141,6.845564074
172873,6.498722344,0
172875,1.588170865,14.7864184
172878,0.949251561,19.08543264
172879,9.675063527,0
172886,25.15516703,0
172900,5.531215772,3.669222344
172901,0,17.27820372
172906,13.56334419,9.17305586
172933,10.22270865,0
172936,18.4738965,0
172942,7.411464403,0
172945,6.516976999,0
172965,3.979554765,0
172971,1.642935378,0
172981,6.827308872,13.4720701
173012,11.11719606,0
173049,0.529390279,17.41511501
173056,0.365096769,8.734939759
173061,14.29353779,1.779846659
173127,0,22.86418401
173143,20.11683187,0
173162,26.5060241,0
173203,16.73968647,5.558598028
173209,0.584154819,17.68893757
173223,18.61993428,0
173277,5.786783406,19.87951807
173278,24.04162103,0
173286,16.48411829,7.91347207
173339,20.39065444,0
173348,23.47572015,1.396495071
173367,8.78057667,5.722891566
173433,12.30376068,0
173475,0,14.10186199
173507,0,30.61336254
173519,25.19167579,0
173524,23.73128806,0
173581,16.86746988,0
173589,19.18583406,0
173595,16.63015717,0
173610,24.77181544,0
173692,0.018254838,17.52464403
173702,0,28.36801752
173706,0,18.09967141
173729,15.93647317,0
173734,19.27710843,6.65388828
173753,16.17378587,0
173758,2.208835433,1.177437021
173782,2.318364184,12.07557503
173793,8.853595838,0
173830,25.33771358,0
173867,6.005841183,12.37677985
173905,16.00949261,5.038335159
173909,0,21.46768894
173911,1.77071925,19.33187295
173927,0,20.56407448
173947,13.38079545,0
173955,3.742241785,10.24096386
173978,25.19167579,0
173984,0.839722508,12.4041621
173988,22.23439211,0
173993,11.02592169,0
174007,0.565899945,35.54216867
174011,3.778751369,19.19496166
174018,19.73347919,0
174030,10.51478642,15.49835706
174075,0,21.57721796
174079,10.60606079,2.464403067
174084,13.80065717,2.792990142
174094,13.4720701,5.120481928
174096,11.50054765,9.857612267
174107,14.20226314,0
174128,19.56918675,0
174137,8.269441402,2.765607886
174143,10.98941265,0
174157,12.88791512,9.830230011
174158,20.51843757,4.600219058
174173,21.86929628,2.875136911
174217,5.074844743,0
174237,0.547645126,0
174248,0,21.16648412
174253,2.756480559,0
174264,0,23.43921139
174285,8.817086528,12.32201533
174290,11.84738938,11.30887185
174296,13.7093828,5.421686747
174326,5.257393209,16.04600219
174328,1.734209611,31.98247536
174403,13.58159912,0
174409,11.37276369,15.14238773
174438,22.63599781,0
174445,6.097115553,3.121577218
174446,14.71339923,0
174458,0,32.63964951
174469,0,0
174549,0.273822563,19.71522453
174614,18.09054381,9.884994524
174761,11.3179989,2.491785323
174809,19.51442223,0.766703176
174887,19.44140197,0
174921,0,37.43154436
174927,7.119386637,11.28148959
174942,30.23001095,1.560788609
174954,0,2.765607886
174958,9.802847755,19.66046002
175077,14.36655723,5.585980285
175080,0.054764513,20.15334064
175099,5.093099671,17.90799562
175105,20.93829956,0.027382256
175113,10.53304135,2.875136911
175120,12.0847029,17.68893757
175124,8.707557503,6.544359255
175127,14.69514458,15.93647317
175149,14.43957667,8.570646221
175157,1.93501276,27.43702081
175178,7.940854326,3.778751369
175231,17.39686008,2.21796276
175240,7.30193483,14.48521358
175274,0,19.63307777
175307,10.75209912,1.506024096
175317,13.72763828,2.628696605
175327,15.20627957,0.191675794
175346,13.38079545,2.847754655
175460,13.58159912,5.668127054
175475,4.21686747,23.13800657
175486,10.98941265,0
175490,8.397225082,8.515881709
175536,5.312157722,7.475355969
175546,6.389193319,2.026286966
175560,19.56918675,0
175587,9.27345701,7.749178532
175602,0,26.88937568
175604,0.273822563,19.24972618
175612,7.484483571,6.900328587
175618,3.468419222,7.776560789
175622,6.608251095,22.86418401
175626,11.28148959,12.67798467
175639,5.293903067,28.06681271
175643,3.358889923,22.20700986
175647,14.95071194,11.0898138
175655,6.316174151,27.16319825
175667,22.47170482,0.027382256
175698,25.00912815,0
175740,4.089083516,16.01861993
175753,20.00730175,2.573932092
175764,3.851770811,23.38444688
175782,6.936838445,19.30449069
175815,9.656808872,11.19934283
175843,11.44578313,7.940854326
175850,16.48411829,2.765607886
175859,0.584154819,12.13033954
175878,2.2818546,10.37787514
175912,12.04819277,0.821467689
175992,0.693683817,15.79956188
176056,8.415480285,17.85323111
176062,0.584154819,18.23658269
176073,1.93501276,16.45673604
176095,0,19.3592552
176096,1.843738499,12.21248631
176109,5.56772563,2.108433735
176119,7.940854326,13.55421687
176137,3.979554765,18.97590361
176155,11.79262486,3.012048193
176213,1.715954819,8.926615553
176219,0.74844833,6.43483023
176280,5.859802848,12.04819277
176286,0.857977382,12.02081051
176326,14.16575411,15.16976999
176339,2.464403067,11.5279299
176376,12.79664129,12.34939759
176402,13.28952163,1.232201533
176488,6.407447974,17.46987952
176552,1.880248357,15.71741512
176599,13.30777656,11.28148959
176690,26.39649507,0
176691,26.39649507,0
176753,6.516976999,8.296823658
176956,5.056590088,7.803943045
176989,26.39649507,0
177096,4.600219058,2.053669222
177142,9.382986309,10.43263965
177167,17.26907612,0
177176,10.36874726,7.639649507
177198,9.7845931,10.32311062
177209,4.417670591,20.26286966
177215,23.11062432,2.437020811
177216,4.855786966,9.939759036
177316,14.18400876,10.35049288
177320,9.711573658,11.14457831
177398,6.571741512,6.626506024
177399,6.370938116,0
177400,3.742241785,0.492880613
177448,0,9.118291347
177466,1.77071925,17.03176342
177477,13.80065717,10.04928806
177491,1.496896687,27.95728368
177498,20.50018346,0
177560,2.86600931,8.65279299
177612,21.61372782,0
177746,15.7539247,4.764512596
177753,18.87550219,0.684556407
177755,24.02336528,0
177811,2.665206462,12.56845564
177820,15.20627957,6.352683461
177943,1.624680559,14.29353779
177956,24.71705093,0
177978,9.401240964,17.44249726
177981,1.989777382,16.31982475
177982,10.84337349,15.88170865
177995,13.38079545,3.47754655
178003,0,29.27163198
178005,9.693318729,0
178024,3.231106243,9.227820372
178025,10.44176752,5.91456736
178047,2.391383899,15.63526835
178059,8.397225082,11.14457831
178089,9.07265471,4.791894852
178093,9.985396221,10.26834611
178106,22.08835268,0
178111,10.97115717,6.65388828
178112,11.04417634,3.532311062
178131,7.648776561,15.14238773
178133,1.004016073,30.85980285
178144,2.993793264,10.29572837
178167,2.15407092,17.19605696
178179,10.82511857,6.325301205
178192,0,12.56845564
178195,0,7.3932092
178198,1.953267525,19.68784228
178210,10.40525739,3.723986857
178215,7.685286966,15.52573932
178234,13.7093828,13.63636364
178235,0,20.26286966
178299,17.65242881,2.135815991
178311,2.884264513,15.47097481
178343,13.21650219,11.17196057
178351,22.80029299,0
178385,1.989777382,28.28587076
178476,0.565899945,25.98576123
178492,6.389193319,18.20920044
178499,2.61044195,16.31982475
178509,3.012048193,20.29025192
178549,5.640744797,19.19496166
178569,13.8189121,14.92332968
178587,12.76013143,0
178598,0.73019351,13.30777656
178623,3.870025465,29.40854326
178628,3.231106243,7.228915663
178699,7.740050931,18.83899233
178736,19.71522453,0
178741,20.1898494,0
178874,5.439941676,14.70427163
178915,3.979554765,15.00547645
178957,4.600219058,15.25191676
178973,0,30.39430449
178984,8.762322015,15.52573932
179126,0.054764513,4.107338445
179464,12.35852547,8.515881709
179482,12.83315033,11.61007667
179569,17.30558598,1.040525739
179602,3.431909639,31.84556407
179656,2.756480559,27.68346112
179747,11.9751736,9.693318729
179817,1.77071925,14.3483023
179833,2.920774096,19.74260679
179912,19.89777218,0
179924,25.13691128,0
180297,0.438116101,15.25191676
180341,23.29317251,0
180381,0,0.821467689
180385,0,2.108433735
180394,2.646951533,21.57721796
180399,0,17.22343921
181157,21.12084611,0
181187,2.026286966,5.585980285
181239,4.43592552,17.1686747
181459,0,28.23110624
181814,0,16.31982475
181823,16.48411829,0
181830,0.29207741,3.203723987
181840,0,0.711938664
181993,25.92186857,0
182332,7.064622125,18.89375685
182428,20.75575027,0
182488,22.81854765,0
182507,0,26.88937568
182617,19.35012705,0
182828,24.33369934,0
182901,25.97663472,0
182922,25.17342114,0
183044,18.98503176,0.876232202
183232,18.09054381,1.177437021
183233,10.84337349,0
183234,17.87148686,0.164293538
183245,13.16173768,18.31872946
183366,19.51442223,0
183907,17.63417306,9.967141292
184262,24.57101041,0.054764513
184383,2.719970701,21.98795181
184443,15.7539247,6.024096386
184464,0,14.89594743
184488,18.98503176,2.73822563
184510,11.22672508,5.503833516
184546,16.86746988,4.819277108
184621,9.802847755,23.54874042
184651,19.7517333,0
184679,15.00547645,6.516976999
184685,14.07447974,0.602409639
184724,0,17.38773275
184772,14.74990827,7.228915663
184835,0,12.45892662
184841,0,26.39649507
184947,15.93647317,1.752464403
51,5.403432092,0
53,4.709748083,0
61,9.565535049,5.339539978
618,8.214676889,4.271631982
635,9.492515882,0
67,0,25.27382256
6960,10.29572837,0
6976,10.62431544,0
7055,2.939029025,0
7057,4.874041621,0
71,24.60752191,0
7137,8.798832147,0
72,6.772544907,31.29791895
7204,11.66484118,0
7222,12.46805394,0
7247,11.3179989,0
7249,11.79262486,0
7264,11.09894113,2.437020811
7299,9.017889923,0
7375,4.016064348,5.585980285
7376,11.02592169,0
744,3.176341731,14.26615553
7441,0,8.406352683
753,4.344651424,16.5388828
7583,12.57758324,0
762,5.439941676,15.49835706
764,14.36655723,0
77,0,31.54435926
775,9.492515882,2.026286966
776,5.987586802,20.50930997
777,17.85323111,2.929901424
781,0,0
7815,12.32201533,0
7862,13.25301205,0
796,12.23074151,12.10295728
80,10.58780613,16.84008762
8000,4.654983571,3.6966046
801,8.853595838,14.48521358
8036,13.49032475,0
8069,12.30376068,0
81,25.61153614,0
8109,10.6608253,1.944140197
8136,9.547279573,0
815,2.409638554,15.25191676
818,21.75976725,1.451259584
82,2.555677163,22.67250821
821,9.364731654,10.48740416
828,2.884264513,13.52683461
8286,5.878057777,0
829,0,26.88937568
8297,5.403432092,0
831,0,25.68455641
8311,15.38882804,0
8333,2.902519168,0
841,9.492515882,12.97918949
8468,4.819277108,9.227820372
852,4.782767525,4.764512596
855,5.348667306,0
856,8.744066813,0
860,4.947061336,0
861,1.916757941,17.90799562
8626,13.4720701,0
8643,20.84702355,0
8661,14.87769222,0
872,5.038335159,26.25958379
8729,8.050383352,8.324205915
876,9.638554217,11.5279299
87668,2.446148138,8.844468784
8786,0,6.051478642
8796,6.425702903,4.73713034
88288,9.054399233,0
8878,11.33625411,0
88934,0,8.926615553
8908,11.73786008,0
89191,12.57758324,0.383351588
8945,13.58159912,0
89911,9.711573658,1.314348302
8994,18.82073658,0
90250,0,8.543263965
90291,11.15370591,0
90425,8.141657722,0
90493,6.736035049,0
9056,14.64037979,2.382256298
90642,9.529025192,0
9066,0,0
9072,4.764512596,0
90732,9.291712486,0.821467689
90746,3.596202903,0
9080,16.08251205,0
90820,6.918583242,5.640744797
90871,12.43154436,0
9088,4.344651424,0
9093,10.204454,15.16976999
9098,0,22.72727273
9105,15.38882804,5.777656079
9107,4.728002738,7.475355969
9116,14.11098932,1.040525739
9117,3.760496714,0
9120,6.005841183,6.051478642
91235,12.2855052,0
9126,0,0
91286,6.535231928,6.516976999
9132,15.2427897,0
91366,12.23074151,0
914,4.80102218,25.54764513
9141,4.326396495,0
9146,17.57940854,6.65388828
9147,8.178167306,13.99233297
915,19.60569551,0
9157,20.88353505,0
91618,7.374953998,7.037239869
9164,11.20847043,0
9166,18.83899233,0
9169,14.74990827,0
91699,11.33625411,0
91714,12.0847029,0
9176,0,0
9177,14.80467306,4.846659365
918,0,31.18838992
9183,9.419496166,16.07338445
919,20.60971249,0
9191,0,7.283680175
9197,0.310332229,1.889375685
9199,3.943044907,22.50821468
920,0,21.33077766
9201,15.40708269,3.751369113
9202,17.12303751,6.270536692
9205,17.83497536,0
9207,12.77838664,0
9209,9.127418401,5.17524644
9213,7.265425246,0
9218,12.32201533,0
92208,12.76013143,0
92240,12.96093428,0
9226,3.943044907,13.44468784
9228,9.036144578,7.283680175
9231,0,31.73603505
9232,5.001825301,22.6177437
9234,23.31142662,0
92355,3.54143839,9.227820372
9237,17.68893757,0
9238,4.709748083,25.05476451
9239,18.93026561,3.039430449
9240,7.721796276,11.63745893
9242,13.96495071,12.43154436
924202,8.999634447,1.396495071
9248,23.42095564,0
9250,0,34.39211391
9251,0,26.9441402
9252,5.878057777,0
92520,8.871851041,6.352683461
9255,0,9.364731654
9257,9.474260679,0
9258,12.74187651,5.257393209
9262,2.482657996,13.52683461
9263,1.405622399,26.15005476
9264,19.95253834,3.888280394
9269,11.64658625,5.668127054
927,1.095290252,18.9211391
928,0,30.55859803
92806,7.484483571,6.21577218
9287,18.63818894,4.43592552
92908,6.772544907,4.353778751
92925,2.500912651,10.26834611
92936,10.16794496,2.95728368
9298,0.109529025,10.6516977
930,0,20.50930997
9300,6.407447974,18.59255203
9304,0,18.483023
93091,5.951077218,3.614457831
931,1.241328943,25.35596933
9311,14.45783133,8.269441402
93141,11.26323521,1.560788609
93161,6.553486309,5.640744797
9323,0,12.62322015
9324,15.20627957,7.420591457
9328,1.989777382,26.58817087
9331,0,37.65060241
9333,18.20007393,2.409638554
9335,15.11500548,5.394304491
9341,18.94852136,8.488499452
9343,0,37.65060241
9347,13.96495071,3.039430449
9350,2.008032174,34.66593647
9354,0,23.46659365
9355,13.4720701,7.749178532
93550,4.545454545,5.777656079
9357,0,28.86089814
9358,1.752464403,19.96166484
9364,8.817086528,16.64841183
9365,1.314348302,16.07338445
9372,4.654983571,24.72617744
93731,5.987586802,0
9382,10.64256982,6.544359255
9396,0,34.09090909
9397,0,28.28587076
9399,8.926615553,8.789704272
94,2.026286966,4.73713034
940,0.383351588,20.6736035
9404,10.69733461,11.25410734
9407,0,35.54216867
9416,6.279663746,23.63088719
9419,0,36.66484118
9420,10.67907996,16.2924425
9422,6.097115553,0
9430,19.93428258,0
9431,12.13946659,10.78860898
9434,16.92223439,0
9438,0,24.28806134
9440,0.657174151,28.14895947
9441,13.23475685,12.78751369
9443,13.7093828,0
9446,3.906535049,19.71522453
9450,0,17.25082147
9453,0.018254838,28.6966046
9454,0,17.52464403
9455,10.95290252,20.81051479
9456,0,34.28258488
9460,5.421686747,24.61664841
9461,11.99342826,8.105147864
9468,19.67871577,0
9474,9.328221796,12.65060241
9476,12.24899617,8.734939759
9482,4.21686747,20.75575027
9489,0,22.09748083
9490,0,36.91128149
9493,11.24497974,13.41730559
9495,0,36.91128149
9496,10.47827656,0
9502,23.73128806,1.177437021
9503,0,18.34611172
9504,5.385176889,24.72617744
9505,0,26.7524644
9507,0,29.73713034
95078,3.413654436,6.818181818
95161,9.437751095,1.47864184
9517,1.843738499,15.74479737
952,0.565899945,21.96056955
9522,6.918583242,0
95225,4.691493154,3.258488499
95288,3.577948248,0.629791895
9529,1.93501276,18.61993428
953,0,18.97590361
9537,14.76816375,10.46002191
9547,23.6947782,0.629791895
9554,19.02154162,4.682365827
9558,21.90580504,3.532311062
9569,23.4574655,0.027382256
9590,1.058780559,0
9592,0.438116101,0
960,2.482657996,18.26396495
9601,17.05001807,2.081051479
9605,11.6283316,9.665936473
9622,7.63052218,0
96279,12.61409255,0
9630,16.75794085,0
9632,15.73567004,0
9634,11.9751736,0
9639,11.15370591,3.970427163
9643,3.431909639,7.995618839
9645,17.12303751,0
9665,6.097115553,18.07228916
9666,8.050383352,5.038335159
9669,13.54508954,3.641840088
9670,19.42314732,4.025191676
9671,13.25301205,0
9687,16.92223439,2.820372399
9690,0.182548384,20.59145674
9691,4.253377327,17.25082147
9695,24.42497262,0
97,0.602409639,6.982475356
9702,15.80868949,4.134720701
97025,3.815260953,8.871851041
9703,0.273822563,12.13033954
9704,16.59364732,3.943044907
97069,11.88389923,0
9712,24.80832421,0
97196,5.348667306,0.73932092
9734,12.66885706,10.37787514
97359,12.48630887,0.629791895
9752,7.210661008,7.557502738
9754,0,11.966046
9756,10.33223823,11.58269441
976,0,34.3373494
9764,19.53267689,0
9765,19.24059967,0
9766,1.460387048,24.69879518
9767,2.592186747,23.13800657
977,20.92004381,0
9770,22.78203724,0
9771,1.241328943,11.28148959
97771,5.805038335,0.575027382
978,9.017889923,19.27710843
9781,15.26104436,0
9792,23.40270263,1.067907996
9794,8.488499452,14.40306681
98,4.80102218,12.95180723
9813,18.96677711,0.438116101
9814,11.95691895,9.857612267
98168,13.49032475,0
98248,13.21650219,0
9831,4.472435378,15.60788609
9838,22.96458653,0
9845,2.318364184,14.3483023
9851,6.443957558,23.63088719
9854,6.71778012,23.4939759
9866,8.415480285,20.34501643
9868,11.90215416,14.37568456
9869,0.346841922,22.56297919
9874,1.442132256,11.47316539
98810,14.38481188,0
9884,0.474625767,19.9890471
9890,0,16.04600219
9892,6.918583242,11.14457831
99,0,6.407447974
99005,0,21.52245345
9906,6.005841183,21.22124863
9908,0,28.55969332
9913,7.30193483,8.707557503
9917,19.24059967,3.559693319
9920,6.078860898,16.56626506
9928,0,29.79189485
9938,24.58926616,0.684556407
9953,0,24.91785323
9960,0,27.30010953
99617,3.924789978,6.763417306
9976,14.16575411,8.953997809
9979,16.42935378,8.707557503
99965,13.63636364,1.588170865
