Hylak_ID,Bloom Occurrence 1980s,Bloom Occurrence 2010s
10,0.347,0.034
10035,0.069,0.02
10042,0.071,0.048
10055,0.115,0.131
10060,0.117,0.086
10076,0.071,0.149
100840,0.127,0.127
10093,0.073,0.093
10103,0.122,0.12
10118,0.18,0.591
10119,0.077,0.124
10127,0.152,0.147
10131,0.153,0.06
10152,0.091,0.155
10161,0.099,0.118
10162,0.098,0.307
10174,0.189,0.037
10176,0.218,0.391
101850,0.107,0.157
10190,0.235,0.001
10202,0.112,0.002
10208,0.091,0.022
10209,0.138,0.188
10217,0.259,0.021
1021894,0.095,0.085
10219,0.089,0.016
1022,0.489,0.196
10225,0.246,0.004
102320,0.082,0.136
102328,0.079,0.188
102369,0.161,0.234
10239,0.118,0.002
102658,0.107,0.005
10267,0.161,0.458
102820,0.18,0.218
10295,0.088,0.035
103066,0.321,0.471
10307,0.102,0.204
10311,0.179,0.267
10320,0.288,0.254
103226,0.078,0.099
103233,0.108,0.177
103236,0.086,0.172
10326,0.176,0.277
10329,0.131,0.231
10333,0.118,0.038
10345,0.07,0.148
1034540,0.131,0.103
10350,0.263,0.136
10351,0.083,0.246
10352,0.075,0.265
10353,0.275,0.475
103653,0.094,0.415
10367,0.152,0.422
10375,0.15,0.251
10378,0.078,0.034
10380,0.097,0.114
10381,0.082,0.03
10386,0.07,0.216
10405,0.067,0.048
10406,0.076,0.031
104077,0.088,0.175
10408,0.165,0.073
10409,0.09,0.052
104122,0.081,0.064
10414,0.207,0.084
10417,0.105,0.051
104331,0.079,0.049
104350,0.105,0.255
10436,0.092,0.086
104360,0.096,0.105
104433,0.124,0.155
10457,0.094,0.073
104764,0.145,0.366
10484,0.201,0.363
10493,0.162,0.003
104933,0.146,0.292
104943,0.247,0.228
10496,0.147,0.228
10497,0.304,0.663
105034,0.136,0.185
105057,0.079,0.127
105074,0.174,0.213
105134,0.07,0.291
10515,0.097,0.116
105183,0.179,0.338
10521,0.183,0.158
10524,0.124,0.039
105340,0.084,0.085
105343,0.138,0.054
10551,0.296,0.005
10555,0.152,0.057
1056,0.152,0.075
10566,0.161,0.027
105666,0.087,0.043
10571,0.108,0.022
105828,0.089,0.05
106315,0.138,0.164
106722,0.345,0.428
106762,0.203,0.221
106772,0.185,0.242
106783,0.126,0.391
1069759,0.331,0.723
107133,0.146,0.271
107286,0.201,0.258
107411,0.159,0.271
107420,0.176,0.215
1079960,0.074,0.063
108025,0.277,0.279
108109,0.204,0.165
108146,0.133,0.144
108338,0.101,0.355
1083856,0.095,0.02
108503,0.275,0.204
108704,0.101,0.128
108757,0.226,0.189
108828,0.128,0.118
1089,0.565,0.093
108911,0.127,0.076
108989,0.202,0.122
109017,0.082,0.121
109061,0.117,0.118
109171,0.08,0.296
109208,0.117,0.133
109216,0.173,0.319
109362,0.161,0.126
109443,0.089,0.075
109690,0.137,0.183
109781,0.162,0.271
110021,0.091,0.082
110045,0.212,0.274
110062,0.211,0.229
110217,0.145,0.152
1103291,0.068,0.089
1104,0.179,0.019
110434,0.213,0.179
1105,1.994,0.24
110505,0.129,0.12
1106,5.578,1.781
1106948,0.124,0.092
110843,0.162,0.253
110876,0.121,0.144
1109,0.207,0.004
110906,0.19,0.567
110919,0.212,0.208
110932,0.219,0.202
1110,0.792,0.082
111046,0.127,0.136
1111,0.933,0.673
111113,0.159,0.211
111147,0.186,0.245
111252,0.231,0.276
111258,0.16,0.211
111273,0.115,0.037
1113,0.176,0.015
111308,0.18,0.246
111326,0.088,0.049
111339,0.121,0.141
111368,0.095,0.077
111375,0.17,0.147
1114,0.384,0.156
111401,0.072,0.02
111553,0.255,0.426
111573,0.166,0.28
1116,1.211,1.143
111629,0.085,0.031
111635,0.132,0.115
111685,0.191,0.001
1117,0.417,0.204
111887,0.276,0.32
111913,0.199,0.285
111956,0.116,0.189
112,0.667,0.713
112006,0.241,0.333
112015,0.199,0.235
112026,0.155,0.066
112054,0.387,0.255
112082,0.306,0.358
11214,0.581,0.818
112140,0.083,0.111
112156,0.117,0.174
112184,0.202,0.153
112196,0.113,0.151
112223,0.154,0.15
112241,0.147,0.177
112406,0.084,0.115
112461,0.114,0.081
112488,0.179,0.174
1125,0.137,0.094
11252,0.243,0.444
112520,0.132,0.17
112584,0.072,0.134
112611,0.265,0.001
112619,0.198,0.186
112667,0.089,0.064
11269,0.125,0.241
112726,0.075,0.084
112768,0.388,0.7
112789,0.266,0.083
1128,0.236,0.012
112817,0.146,0.284
112822,0.118,0.195
11286,0.067,0
112869,0.243,0.124
112872,0.19,0.154
112888,0.105,0.055
112894,0.12,0.157
112901,0.116,0.058
112906,0.156,0.241
112907,0.144,0.288
113,6.378,9.418
113018,0.12,0.249
113023,0.137,0.191
113069,0.126,0.297
113091,0.117,0.156
113110,0.152,0.27
113148,0.142,0.184
113177,0.247,0.287
1132,0.095,0.066
113208,0.129,0.103
113214,0.17,0.104
113240,0.264,0.276
113249,0.162,0.158
113258,0.172,0.244
1133,0.081,0.035
113367,0.283,0.199
113429,0.191,0.211
113478,0.098,0.132
1135,0.285,0.09
113529,0.092,0.072
113549,0.37,0.224
113558,0.12,0.121
113564,0.132,0.141
113569,0.147,0.188
113585,0.086,0.115
113613,0.31,0.46
113642,0.194,0.267
113657,0.124,0.329
113697,0.204,0.22
1137,11.416,11.478
113705,0.094,0.075
113709,0.234,0.279
113788,0.208,0.307
113792,0.158,0.152
113799,0.174,0.209
1138,0.131,0.11
113804,0.084,0.002
113815,0.096,0.101
113816,0.162,0.161
113838,0.079,0.033
113843,0.269,0.012
113846,0.111,0.109
1139,6.455,5.306
113951,0.091,0.129
113952,0.091,0.084
113982,0.149,0.106
113990,0.156,0.096
1140,10.313,11.843
114025,0.105,0.068
114043,0.134,0.142
114066,0.132,0.069
1141,1.672,2.094
114110,0.2,0.345
114114,0.119,0.188
114115,0.141,0.1
114134,0.102,0.299
114247,0.136,0.07
114260,0.219,0.194
114294,0.083,0.012
114296,0.323,0.575
114323,0.177,0.256
11434,0.997,1.831
1144,12.92,20.043
114450,0.075,0.03
114532,0.461,0.861
114538,0.067,0.06
114566,0.33,0.176
114580,0.202,0.41
1146,7.446,13.596
114610,0.128,0.242
11465,0.147,0
114682,0.152,0.214
114683,0.142,0.201
114686,0.119,0.112
114691,0.096,0.098
114700,0.216,0.477
11474,0.122,0
114746,0.073,0.157
114756,0.119,0.152
114766,0.115,0.259
114876,0.187,0.237
114919,0.181,0.567
114940,0.177,0.139
114964,0.088,0.005
114980,0.129,0.13
114987,0.164,0.205
114989,0.092,0.087
114995,0.068,0.011
114996,0.249,0.055
115,0.206,0.299
1150,0.188,0.005
115103,0.195,0.163
115128,0.245,0.377
115134,0.086,0.481
1152,0.106,0.055
115272,0.238,0.515
115276,0.181,0.463
115282,0.186,0.258
11530,0.127,0.088
115343,0.269,0.288
115423,0.077,0.149
115426,0.092,0.042
115447,0.12,0.113
115464,0.089,0.208
115479,0.112,0.244
115483,0.147,0.095
115489,0.267,0.634
115497,0.174,0.086
1155,0.585,0.204
115533,0.08,0.102
115582,0.164,0.428
115585,0.227,0.249
115677,0.121,0.238
115694,0.083,0.133
115707,0.077,0.064
115895,0.105,0.158
115898,0.071,0.008
116003,0.201,0.194
116007,0.086,0.201
116137,0.077,0.117
116184,0.093,0.077
116223,0.08,0.07
116236,0.072,0.084
116304,0.1,0.159
116307,0.078,0.118
116332,0.082,0.064
116366,0.131,0.097
116399,0.101,0.057
116420,0.092,0.049
116442,0.07,0.157
116465,0.074,0.021
116496,0.107,0.287
116510,0.114,0.17
116530,0.079,0.062
116645,0.072,0.004
11666,1.067,0.323
116673,0.07,0.272
116886,0.076,0.039
117,11.05,16.278
117140,0.07,0.015
117637,0.079,0.048
117764,0.069,0.047
1177768,3.268,0.104
117779,0.083,0.045
117833,0.067,0.044
117841,0.095,0.12
117966,0.069,0.132
117969,0.066,0.035
117990,0.088,0.036
118029,0.184,0.11
118036,0.079,0.029
118122,0.087,0.023
118137,0.091,0.146
11814,0.509,0.147
118151,0.126,0.054
118196,0.084,0.095
118261,0.092,0.106
118263,0.073,0.016
11831,0.778,0
11835,9.243,2.752
118427,0.121,0.157
118448,0.078,0.063
118451,0.074,0.061
11852,1.759,0.216
118540,0.195,0.099
118612,0.07,0.044
118620,0.094,0.15
118646,0.072,0.011
118652,0.075,0.162
118677,0.113,0.123
118678,0.131,0.078
118797,0.082,0.16
118808,0.102,0.631
118831,0.166,0.26
1189101,1.53,1.302
118953,0.098,0.18
118960,0.067,0.172
118977,0.089,0.029
118984,0.084,0.104
119028,0.106,0.439
119120,0.19,0.082
119143,0.139,0.06
119167,0.088,0.008
119180,0.07,0.046
119189,0.167,0.086
119227,0.159,0.079
119273,0.071,0.037
119276,0.106,0.483
119370,0.144,0.062
119387,0.152,0.201
119440,0.173,0.089
119462,0.161,0.159
119524,0.082,0.043
119562,0.154,0.022
119589,0.11,0.002
119591,0.18,0.093
1196,4.239,2.7
119601,0.069,0.196
119602,0.134,0.101
119627,0.129,0.149
119636,0.239,0.085
119687,0.078,0.003
119707,0.102,0.058
119709,0.075,0.012
119732,0.067,0.087
1197634,0.561,0.969
119791,0.106,0.03
119794,0.348,0.001
1198,0.104,0.048
119816,0.155,0.039
11982,0.465,0.01
119828,0.173,0.076
119854,0.195,0.014
119864,0.122,0.017
119872,0.085,0.046
120013,0.07,0.047
12003,0.785,0.072
120045,0.21,0.021
120195,0.085,0.006
120238,0.097,0
120261,0.112,0.037
120279,0.073,0.094
1203116,0.794,2.021
120317,0.066,0.024
12033,2.973,0.515
1203540,0.459,2.089
1204,4.856,3.868
120427,0.076,0.114
120430,0.106,0.045
120442,0.074,0.047
120498,0.085,0.036
120526,0.103,0.075
120529,0.073,0.074
120536,0.071,0.081
120538,0.074,0.115
120551,0.082,0.067
120564,0.104,0.036
120577,0.098,0.073
120582,0.066,0.073
120583,0.103,0.109
120590,0.121,0.034
120610,0.093,0.055
120616,0.104,0.16
12062,1.924,0.214
120666,0.35,0.585
120690,0.377,0.103
12072,0.126,0.044
120762,0.131,0.059
120822,0.151,0.265
12084,0.187,0.002
120856,0.139,0.138
120861,0.342,0.283
12088,0.403,0.058
120910,0.158,0.046
12095,0.091,0
12099,0.717,0.511
1210,4.374,2.599
12102,0.131,0.012
121069,0.074,0.133
1211,0.081,0.172
121104,0.078,0.047
12111,0.216,0.022
121142,0.11,0.025
121173,0.135,0.344
121211,0.217,0.085
121226,0.121,0.113
12123,0.071,0.016
121249,0.084,0.213
121260,0.124,0.255
121279,0.105,0.107
1213,0.837,1.372
12130,0.69,0.102
121315,0.078,0.048
12139,0.218,0.032
121427,0.104,0.16
12144,0.157,0.007
121451,0.077,0.004
121453,0.075,0.087
1215,5.308,19.151
121526,0.205,0.28
121529,0.072,0.042
121547,0.158,0.017
121549,0.066,0.03
12156,2.316,0.617
121564,0.089,0.009
121571,0.275,0.094
12165,0.169,0.035
121689,0.129,0
1217,2.237,2.714
121752,0.223,0.008
12178,0.119,0.043
12179,0.257,0.001
121797,0.282,0.167
121811,0.097,0
12186,0.468,0.059
122,3.609,5.183
12202,2.477,0.08
12204,0.809,1.159
12205,0.201,0
122089,0.095,0.074
12209,5.141,5.284
12212,0.194,0.061
12216,0.168,0.025
12223,0.296,0.039
12225,2.468,1.635
122347,0.125,0.154
12238,0.494,0.012
12241,4.254,1.566
12243,1.95,0.257
12246,0.494,0.016
122485,0.173,0.108
122546,0.267,0.185
12263,1.301,0.057
122655,0.162,0.14
122667,0.195,0.055
12269,2.003,2.542
122732,0.142,0.058
122777,0.13,0.08
12280,0.497,0.334
122822,0.266,0.189
12286,0.106,0.049
122868,0.08,0.131
122947,0.066,0
12297,0.617,0.165
122976,0.126,0.09
123,1.711,1.495
123000,0.172,0.002
123002,0.189,0
123004,0.186,0
12301,0.49,0
123019,0.31,0.449
123020,0.347,0.036
123023,0.396,0.078
123027,0.103,0.095
12303,0.106,0.003
12304,1.392,0.165
12306,0.135,0.048
123186,0.383,0.352
12323,1.219,0.545
12328,0.352,0.121
12329,3.134,0.525
12332,0.935,0.154
12342,3.378,1.084
12345,0.161,0.084
12367,0.075,0.003
12373,0.771,0.013
12374,0.829,0.042
12379,0.65,0.027
12384,1.109,0.017
12390,0.084,0.067
12398,0.139,0.029
1240,9.279,18.027
12400,2.15,0.092
12412,0.195,0.025
12414,0.881,0
12424,0.667,0
1243,0.067,0.09
1244,13.17,14.568
12440,0.09,0.099
1245014,0.797,0.679
1247,2.727,4.408
12479,3.364,0.865
12486,0.193,0.036
1249,0.068,0.051
12490,1.37,0.423
12499,0.192,0.075
125,0.836,2.274
12501,7.096,0.767
12505,0.811,0.317
12506,0.836,0.947
1251,15.554,13.166
12512,1.079,0.054
12519,0.276,0.052
12520,0.116,0.119
12523,6.984,7.3
12528,0.867,0.199
12529,0.287,0.19
1253,0.568,1.051
12535,0.14,0.048
12536,4.845,5.229
12541,0.117,0.013
12545,6.22,4.48
1255,24.06,36.602
12557,0.097,0.035
1256,0.599,3.289
12567,3.622,2.937
1257007,2.433,1.937
12571,0.132,0.166
12581,0.218,0.219
1258744,4.204,5.603
1259,9.211,50.594
12590,0.095,0.059
12596,3.926,0.549
12598,17.765,23.032
1260,3.34,5.492
12600,12.379,9.375
12602,3.88,0.128
12603,0.578,0.027
12614,3.414,2.865
12622,0.067,0.002
12623,0.071,0
1262655,0.57,0.719
12628,6.857,7.82
12629,1.173,0.989
12630,3.81,0.169
12632,0.176,0.004
12634,2.091,0.031
12636,0.184,0
12654,0.361,0.256
12657,2.927,0.147
12659,6.686,1.863
12662,3.407,1.048
12669,0.811,0.117
12671,0.079,0.014
12672,3.614,4.2
12677,3.616,1.989
1268,6.711,13.602
12689,10.604,2.054
12692,0.141,0.028
12696,2.132,0.308
12698,0.142,0.018
12703,7.777,11.86
12705,5.096,2.482
12709,14.197,8.285
12717,0.762,0.028
12732,7.149,1.713
12735,4.439,1.058
12738,0.15,0.071
12748,0.203,0.029
12753,0.149,0.074
12754,13.369,15.115
12766,8.339,4.991
12767,0.668,0.305
12768,13.16,8.84
1279492,0.139,0
128,4.041,4.578
12810,1.711,0.655
1284,4.904,29.69
12842,3.954,2.433
1285465,0.498,0.587
1286,0.793,0.774
1286387,7.372,0.523
1289,6.167,7.346
129,1.36,4.51
1293,7.716,11.3
12942,1.383,1.1
1297,5.453,6.213
1301,14.734,40.222
1303,2.553,1.22
13042,0.245,0.196
1314,4.059,19.47
1318823,15.031,22.452
1319,0.623,0.845
132,6.035,26.293
1321,8.799,22.064
1322,3.005,11.963
1323,0.37,0.525
1324132,9.841,10.573
1326,0.834,5.793
1326270,7.129,8.531
1332,6.402,13.665
13327,4.963,5.102
133294,0.365,0.456
13332,20.15,18.393
13349,6.582,13.762
1335297,3.795,7.991
13356,13.859,9.934
13363,0.726,0.644
13364,12.348,6.644
1337,0.877,2.111
13377,9.427,4.039
1338088,10.626,26.063
13390,17.481,10.107
13397,9.591,12.759
13410,10.871,27.78
134116,1.686,0
13428,9.818,9.505
13429,14.205,17.958
134427,0.077,0.085
13448,6.016,9.832
134525,0.127,0
13455,5.248,10.369
1345772,8.142,7.438
134580,0.282,0
1346,0.128,0.235
134604,0.102,0.28
13462,10.016,7.687
134665,1.69,1.802
134961,3.673,7.123
13501,15.856,15.302
13503,7.99,5.643
1350354,0.353,1.314
13507,15.919,17.84
13516,9.171,13.035
135235,0.236,0.338
13535,11.408,21.946
13541,11.031,20.169
1355,0.985,2.931
13551,0.57,0.568
1355143,1.99,3.584
13559,16.108,12.596
1356,2.332,2.88
13568,22.43,16.356
1356998,7.838,10.71
135701,0.365,0
1359,5.181,14.37
13593,24.664,21.403
13597,0.779,1.877
1360870,21.706,31.445
1361,13.308,17.247
13614,14.638,23.274
13617,15.403,16.991
13619,1.281,3.672
1362,2.35,3.78
1363,1.784,5.026
1363328,8.627,25.14
13639,9.097,16.451
136470,0.513,0
1365,0.139,0.132
136569,0.077,0
13665,15.919,18.546
13671,8.895,4.485
13678,0.491,0.625
13680,2.171,8.757
136872,1.776,0
1370011,1.652,5.615
13705,8.194,31.047
13709,10.701,8.153
13718,7.9,2.853
1372657,2.087,20.382
13749,0.627,0.487
1376,0.108,0.358
13771,2.379,7.829
137759,1.115,0
1377599,4.921,17.31
1378340,0.436,12.718
13786,3.55,10.481
13789,0.466,0.58
13792,6.007,9.957
13802,4.075,3.672
13816,3.895,5.134
1384402,1.496,14.219
13849,6.228,2.724
138594,0.491,1.56
138619,0.227,0.51
13875,4.488,2.456
1388,4.532,16.129
1388040,6.097,13.854
13888,2.994,1.94
1388856,6.816,19.858
1388934,5.229,10.37
13904,3.828,4.27
139053,0.655,0.084
13906,1.581,1.24
139060,1.602,7.389
1390672,6.593,45.243
139137,2.138,1.767
13915,6.756,3.205
13918,6.949,9.829
1392,1.949,2.768
139282,0.29,0.209
139339,0.088,0.031
13942,2.39,2.056
139421,4.414,1.285
13948,6.066,5.034
13953,13.678,11.233
13954,0.379,0.55
1396,6.417,30.538
139624,10.149,1.314
13965,14.715,20.223
13968,2.543,1.87
139686,1.251,1.456
13974,1.147,1.997
13975,10.462,11.253
1398,0.449,1.416
13988,3.829,3.492
13995,1.705,3.725
14009,5.213,12.315
14012,1.33,3.768
14013,3.561,4.772
14014,9.459,32.122
14015,7.265,10.71
140259,0.703,0
14038,0.605,0.742
140430,4.34,9.012
14065,0.106,4.111
14066,12.555,22.013
1407,4.45,30.839
14072,13.775,6.585
1408,3.557,8.782
14082,11.749,27.07
14084,10.733,16.813
14085,0.45,0.991
14086,0.257,0.939
14087,2.226,5.821
14088,10.305,15.002
140893,0.42,0
14090,5.909,16.608
140938,0.544,1.081
14095,20.759,10.106
14097,4.369,21.937
14099,11.615,13.004
141028,1.31,2.163
14103,8.225,10.705
14106,0.735,4.623
14108,1.712,4.432
14110,7.282,29.39
14111,7.928,16.358
14112,3.499,3.415
1412,0.694,19.482
14121,0.194,0.034
14123,7.888,51.55
14125,24.791,13.457
141264,0.16,0
14127,3.367,7.411
14129,20.116,0.016
14132,0.932,0.044
14133,5.915,13.087
14137,10.631,28.72
14142,1.314,5.939
14144,0.268,0.837
14150,0.95,1.269
14151,0.098,0.073
14152,4.116,16.602
14157,21.98,13.132
1416,0.3,9.1
14163,9.805,28.129
14168,0.105,0.138
14169,1.934,1.918
14170,0.62,12.872
14171,5.456,29.693
14172,11.455,13.94
14174,6.568,5.581
14177,5.577,2.062
1418,0.12,12.121
14183,11.011,9.655
14184,19.921,25.011
14186,0.11,0.462
14191,19.445,22.626
14193,13.158,10.964
14196,13.391,20.356
1420,8.504,13.843
14204,24.586,29.958
14205,3.325,18.722
14209,0.788,1.476
1421,30.375,61.714
14210,31.403,34.879
14214,1.676,2.712
14217,5.037,16.726
14218,1.431,32.09
14219,10.917,12.904
14220,7.501,10.765
14221,17.083,28.688
14226,20.357,11.444
14227,0.427,0.541
14228,0.85,4.616
14230,6.741,5.659
14232,2.419,7.431
14240,6.724,11.179
14241,3.171,10.829
14243,1.518,10.634
14246,3.52,0
14247,12.319,10.445
14249,3.739,3.057
14252,6.814,9.32
1425456,0.256,0.029
14255,8.398,12.179
14259,1.265,1.134
14261,20.664,33.149
14264,3.351,1.266
14274,1.702,4.119
14290,0.204,5.641
14293,0.276,0.779
14297,0.115,0.208
1430,3.199,11.929
14300,3.778,6.434
14303,4.713,15.205
14310,4.865,29.268
14313,5.642,5.794
14316,0.618,6.839
14323,6.134,22.689
14324,5.282,2.759
1434,3.996,4.312
14340,14.523,21.348
14342,13.966,10.931
14348,3.214,1.097
14349,6.439,11.994
1436,1.628,6.326
14363,1.808,2.652
143642,0.883,0
14365,3.459,16.306
14367,8.727,13.811
143698,0.446,0
14371,4.261,10.628
143777,2.35,0.565
1438,5.043,9.748
143812,1.211,0
143878,5.925,2.63
14389,12.972,11.314
143900,0.623,0
14392,1.831,2.349
143935,3.405,0.553
143990,2.813,0.04
14401,2.939,9.615
14403,0.113,0.22
14407,4.948,3.633
14408,8.239,10.562
14412,13.87,22.267
14413,2.238,1.751
144181,5.915,3.88
144183,1.884,0
144191,0.611,0
14422,13.098,10.12
14428,8.998,6.35
14436,0.281,0.039
14438,0.362,0.415
14451,1.326,3.202
14457,1.731,3.617
14458,0.703,4.25
144581,0.931,0
1446,2.122,5.895
14461,0.692,0.203
14465,8.187,9.942
14468,1.03,1.931
14471,0.282,0.715
144731,4.861,4.53
14478,27.759,38.251
144808,0.976,0
144819,1.248,0
14484,5.875,8.506
14486,5.745,8.577
144886,1.343,0.466
144928,0.682,0
144938,1.311,0.034
14494,3.464,7.508
14496,4.106,13.546
14499,5.104,5.834
145,0.364,2.236
145035,3.644,3.593
14504,3.743,8.051
14506,0.131,0.16
14514,9.531,21.168
14520,13.29,27.5
1453,0.314,0.651
14532,1.792,3.286
145363,11.654,11.071
14541,0.151,0.345
145412,3.247,0.572
14542,8.14,18.317
14549,1.15,1.125
14550,8.982,9.155
14551,12.764,32.591
145516,2.853,0.072
14552,17.605,10.464
14558,1.238,1.535
1456,0.112,0.385
14565,6.623,11.881
14567,8.766,42.612
14571,5.967,10.883
145768,0.125,1.201
1458,1.076,4.8
14580,13.524,22.757
14582,2.213,2.404
14584,12.987,13.052
145879,4.844,0.336
14592,3.192,7.621
145920,1.073,0
14595,6.466,0.98
14597,3.261,3.752
14598,5.564,2.432
14599,12.005,24.043
146,0.11,1.254
146009,9.117,9.302
14601,11.488,17.987
146022,0.709,1.447
14615,0.082,0.168
1462,5.121,10.277
14623,8.855,15.596
146253,21.5,22.613
146274,4.254,0.511
1463,3.106,3.171
14635,6.552,9.748
14636,22.156,32.133
146386,0.995,0.589
1464,1.513,5.125
14641,4.434,11.699
14644,2.981,4.086
146457,17.151,25.814
146471,14.839,14.182
146495,22.576,24.647
14653,0.299,0.445
146541,0.094,0.344
146557,0.148,0
146561,0.989,0
146621,0.134,0
146648,2.883,0
14669,0.381,0.984
14674,0.302,1.328
146762,14.823,9.422
14677,4.84,8.246
146792,8.253,6.84
146797,4.172,7.78
14682,0.51,4.987
146822,1.293,1.144
146863,0.511,0
146918,1.395,0.053
146937,5.387,1.012
146966,1.774,0.183
14698,10.703,27.616
1470,2.714,7.342
14703,2.376,4.377
147036,5.379,0.981
147111,3.363,2.484
147167,0.619,0
147168,1.678,0.865
14720,29.532,34.036
14721,10.4,18.452
147267,0.183,0
14727,0.718,0.691
147323,0.087,0
14736,0.752,1.946
147361,2.248,0.46
147383,2.705,0.443
14740,0.379,0
147458,6.29,14.169
147475,3.076,3.59
147523,2.182,0
1476,2.28,11.329
14763,3.837,9.545
14767,0.403,0.682
147707,0.136,0
14773,0.363,0.164
147770,0.194,0
14782,2.284,0.468
14784,0.328,0.18
147841,0.182,0
147862,0.221,0.42
147901,0.096,0.01
14794,5.432,23.17
147977,1.238,0.321
14798,0.498,0.056
148,1.714,11.202
14801,5.639,7.204
14802,1.878,1.455
148037,0.18,0
14804,0.26,0.278
148048,0.432,2.11
14805,27.761,40.695
14814,9.347,1.3
148153,0.37,0.048
14816,0.289,0.32
148194,0.137,0.054
1482,4.929,20.403
148202,4.867,0.369
14821,0.483,1.228
148256,0.228,0.267
1483,9.235,14.816
14831,7.066,19.924
148333,0.367,0
148334,0.984,0.068
148341,0.177,0.136
148383,5.252,0.689
148393,2.56,0.462
1484,9.058,46.291
148424,0.596,0
148456,2.328,0.163
148485,0.765,0.048
148490,0.389,0.115
148541,0.51,0.126
14855,3.301,7.238
1486,3.723,2.293
14865,2.298,10.408
1487,1.267,24.638
148730,0.966,0
148756,0.557,0
1488,2.722,22.445
1489,1.432,0.831
14893,4.027,9.091
14897,2.395,26.687
1490,1.034,0.296
149025,0.423,0.058
14924,0.114,0.148
14926,6.094,32.48
149267,4.473,2.106
149295,1.638,0
1493,3.486,16
149314,0.431,0
149339,0.067,0
149399,7.946,6.969
14941,2.61,25.512
149459,0.184,0
14949,11.445,42.323
14950,0.148,0.153
14951,9.549,21.454
149511,2.01,0
149548,7.316,6.34
149563,4.306,0.265
1496,15.466,49.649
149671,1.514,0.512
149676,0.152,0
1497,9.028,14.11
149704,1.175,0
149712,2.426,0.73
149738,0.168,0.049
149744,0.492,0.068
149751,2.811,1.925
149775,4.509,0
1498,16.912,32.936
149836,2.079,0.422
149843,1.62,0.422
149865,0.327,0
149887,10.087,4.721
149916,1.87,1.767
14995,0.167,0.633
149951,7.453,3.295
149972,0.137,0
149973,0.626,0.051
1500,1.776,24.481
15000,0.185,0.013
15001,5.136,32.509
150024,6.628,5.962
150032,0.165,0.108
150033,14.658,16.91
15006,0.213,0.33
15011,0.085,0.119
150165,0.61,0.354
15019,2.79,7.474
150192,4.524,1.585
1502,5.053,15.236
150205,0.194,0.148
150234,0.17,0.117
1503,7.99,12.247
150338,0.126,0.028
150351,3.001,3.252
150362,1.37,0.048
150372,0.112,0.158
150376,1.089,0.456
150387,1.046,0.074
150397,3.218,3.511
150399,3.646,0.328
1504,21.796,38.053
150437,0.104,0
15045,0.371,1.54
150511,0.094,0.019
15059,5.381,26.201
15061,10.004,31.33
15064,0.124,12.226
15066,0.809,24.632
150661,0.249,0
15068,1.464,5.01
1507,3.429,8.032
150723,0.142,0.027
1508,11.093,28.003
15083,3.56,11.82
150836,0.107,0.085
15084,2.986,29.778
1509,16.861,42.16
15090,1.903,31.347
150922,0.184,0
150943,12.977,16.122
150959,0.983,0.321
15096,5.801,33.528
150991,3.853,1.098
151,2.445,7.793
151037,0.548,0.277
15107,4.846,11.538
151073,3.173,0.137
1511,7.853,17.995
15111,10.451,16.352
151129,3.299,0.906
151177,0.359,0
1512,5.997,32.902
15122,1.536,6.433
151279,0.574,0.15
151299,0.554,0.232
151333,1.496,0.666
151334,0.516,0.52
151337,3.298,1.903
15139,3.323,25.263
151404,0.89,0.339
151438,0.244,0.196
151479,9.71,14.818
1515,4.68,12.511
15155,2.4,16.865
151579,1.095,0
151622,0.933,0.112
151633,0.292,0.038
151683,3.223,0.215
1517,1.292,1.905
151705,0.79,0.109
151746,0.415,0.192
151794,1.435,0.623
151797,1.346,0.62
1518,2.969,15.68
151809,0.169,0
15181,6.169,15.568
151811,0.38,0.487
151826,0.869,0.138
15184,4.464,7.111
151870,1.739,0.062
151876,1.136,0
15199,5.301,8.013
151997,0.118,0
152,0.183,0.114
152001,0.895,1.188
15206,0.579,2.733
152074,0.768,0.028
1521,15.324,44.168
15211,0.075,0.369
15214,3.538,4.305
152152,1.767,0
15217,6.224,6.445
152212,2.487,0.338
152218,1.117,0.764
152271,6.067,4.824
152300,1.166,0.024
152368,4.969,0.048
152373,2.368,0.199
152379,0.305,0.098
1524,1.041,3.848
152411,5.759,0.158
152424,3.719,6.089
152441,1.275,0.015
152472,6.29,0.895
15249,5.497,10.566
152518,5.181,4.068
152543,1.18,0.012
15255,2.324,7.483
152557,0.189,0.181
15256,0.096,0.257
1526,9.4,23.921
15260,6.621,23.681
15263,11.373,17.727
152638,3.294,0.586
152671,1.629,0.085
15268,3.983,4.137
152694,0.471,0
15270,2.127,4.827
15274,2.687,20.858
15275,9.037,31.746
152752,0.118,0.034
152767,1.472,0.271
1528,0.315,0.373
15282,7.221,28.831
152824,0.588,0
152831,0.111,0
152857,0.723,0.1
15287,0.139,0.171
152917,0.608,0.067
152962,0.773,0.622
152984,0.66,0.283
15299,10.426,15.456
153,6.916,4.936
1530,13.116,8.979
153003,0.299,0
15301,2.343,8.589
153010,1.123,0.857
153011,0.308,0
15302,1.21,3.736
153022,5.98,5.983
153039,0.564,0.137
15304,1.422,16.367
15306,11.559,19.641
15310,0.127,0.309
15311,9.664,17.138
15312,3.058,8.129
15315,4.114,14.664
153165,7.819,9.941
153197,0.117,0
15320,3.196,4.746
153215,1.701,0
15322,4.679,19.834
153225,1.029,0
15327,7.208,27.252
153284,0.439,0.204
153286,0.561,0
153312,3.839,2.164
15332,3.736,20.58
15335,8.828,26.372
15338,0.624,1.511
15339,10.531,13.117
153416,0.092,0
153418,0.384,0.064
153420,0.704,0
15343,0.257,0.597
15345,0.239,0.845
15347,4.316,10.847
153529,1.765,0.233
153543,0.105,0
153544,12.098,16.193
153569,0.149,0
153594,2.374,1.786
1536,0.155,0.293
15362,0.095,0.243
153622,0.088,0.077
15364,5.94,17.634
153762,0.56,0
15381,4.892,11.904
153828,3.005,0.985
153835,0.312,0.284
153866,8.562,5.875
153885,11.925,13.016
153899,7.407,5.794
153959,9.204,6.18
15396,0.129,2.446
153962,0.324,0
154003,9.786,5.997
15410,2.33,11.999
154122,14.795,11.602
154132,1.367,1.511
15416,4.689,18.374
154196,5.201,2.457
154197,0.267,0.205
154202,6.807,9.589
154204,0.358,0
154207,2.767,0.084
154219,0.213,0.419
154232,0.653,0
154259,7.725,6.03
154276,0.499,0
15428,0.825,0.903
154284,19.302,28.277
154291,3.504,3.496
15430,4.051,7.172
154307,9.822,7.852
15437,17.431,5.419
154378,0.339,0.184
154382,0.307,0.084
154395,2.514,0.912
154396,4.461,4.279
1544,0.08,0.287
15440,11.744,26.819
154434,0.085,0.075
154469,0.307,0.161
154474,5.098,4.985
154520,0.213,0.144
154539,4.942,9.918
154559,3.903,1.799
15457,2.447,6.041
154573,0.527,0.086
15458,23.811,16.223
15459,4.019,4.961
154598,0.839,0.014
15461,0.07,0.316
154637,0.223,0.067
154644,0.1,0.096
154669,1.824,1.093
154695,0.353,0.449
154722,0.411,0.271
154739,0.452,0
154766,7.299,5.281
154778,0.878,1.043
154794,0.134,0
154795,0.069,0.074
154817,1.875,0.018
154822,4.265,5.157
15485,20.868,20.194
154855,14.342,14.081
154861,6.07,4.064
154864,12.188,8.892
154879,0.498,0.701
154892,0.833,0
154893,0.166,0.203
1549,4.522,12.121
15490,8.953,33.316
154923,4.56,0.776
154926,0.364,0.525
154939,3.447,2.031
154945,3.997,1.854
154957,7.85,4.881
154964,0.254,0
154970,8.467,11.212
154980,0.238,0
154983,5.526,1.96
154992,4.376,5.038
154998,0.3,0.195
154999,0.838,0
15500,19.506,12.245
15502,9.766,34.903
155024,12.964,20.693
155029,4.454,0.166
155035,3.117,0.981
155036,11.782,3.235
155058,6.562,4.95
155064,15.814,12.052
155074,3.992,4.736
15508,3.683,13.217
155081,1.117,0.035
155089,12.694,12.935
15509,7.119,29.782
155093,9.567,10.408
155101,3.282,17.917
155106,12.997,11.844
155108,0.815,0.012
155113,0.406,0
155116,1.597,0.116
155125,5.302,8.972
155131,0.174,0.224
15515,0.348,2.263
155162,7.042,6.101
15518,14.905,3.34
155193,6.282,5.207
15520,7.788,62.891
155200,0.102,0
155204,0.123,0
155205,5.108,7.047
155219,0.348,0
155227,6.491,4.292
15523,18.671,44.474
155235,5.968,1.575
155243,0.424,0.165
155248,5.168,3.826
15526,1.391,21.682
155261,12.945,11.868
155262,2.54,0
155263,3.115,0.106
155268,5.914,3.725
155288,1.097,0.673
155295,8.381,1.945
15530,8.296,24.353
155307,0.649,0.069
15532,10.261,15.003
155330,3.739,0.19
15535,10.639,16.746
155358,0.659,0
15536,6.194,38.268
15538,2.247,6.801
15541,0.077,0.729
155424,1.041,0.681
155425,0.539,0
155426,1.329,2.396
155432,8.212,2.444
155442,9.799,3.816
155444,0.355,0.119
155448,0.952,0.048
15545,1.588,6.152
155451,0.102,0
155458,0.589,0.028
155468,0.069,0
15548,0.348,0.639
155521,7.214,11.089
15555,0.731,2.047
155566,25.429,28.11
155567,3.409,1.029
155570,2.669,0
155575,1.183,0
155585,5.057,0.432
155590,2.17,0
155599,0.226,0.021
15560,0.617,3.781
155600,0.173,0.085
155602,0.53,0
155607,0.446,0
155616,11.346,14.287
15562,7.009,31.988
155622,0.442,0
155627,9.986,7.609
15565,15.88,35.973
155653,1.612,0.583
15566,9.962,11.765
155674,0.091,0
155675,0.319,0
155676,18.71,23.283
155699,3.764,0.954
155706,5.61,2.836
15573,2.491,20.273
15574,7.833,34.113
155742,11.217,8.462
155759,11.156,9.324
15576,12.895,30.664
15577,0.672,1.871
155786,7.325,0.293
155787,0.809,0
1558,0.079,0.356
155807,15.49,26.331
15581,10.524,22.014
155820,4.121,6.204
155828,1.595,0.05
15583,3.563,5.655
155837,7.418,0.887
155839,22.484,23.857
155840,9.715,7.578
155872,0.85,0
155873,1.952,0.122
155897,0.1,0.036
15591,6.014,20.893
155912,13.952,12.736
15594,18.051,21.446
155949,12.191,8.53
15596,11.544,29.882
155973,0.644,0.475
156,0.109,0.217
15600,3.792,10.632
156015,9.721,5.416
156021,7.86,7.885
156027,13.522,11.967
156038,7.381,4.119
156060,20.039,21.993
156069,9.69,12.4
156073,10.037,10.512
156074,19.304,12.42
15608,0.338,1.028
156082,13,10.936
156105,7.29,12.991
15612,9.819,29.343
156124,8.61,3.295
156156,0.694,0
156159,12.382,8.365
15616,0.58,2.685
156160,7.448,2.148
156168,6.715,5.685
15618,11.661,24.503
15619,1.035,2.616
156194,1.633,0.368
156195,20.754,33.526
15621,1.604,4.07
15622,5.75,16.71
15624,18.02,38.913
156248,0.931,1.128
15625,22.664,59.011
156257,26.083,35.327
156258,0.089,0.032
156264,0.189,0
156273,6.703,0.533
15628,1.228,53.019
156284,15.582,12.567
15629,8.754,33.338
156330,23.264,21.366
156333,4.355,0.387
156338,5.242,0.378
15634,13.437,70.344
156349,0.214,0
156351,11.022,10.124
15636,6.463,21.939
15638,1.352,3.276
15639,7.194,16.064
156391,3.104,0.815
156402,16.899,24.499
156423,0.503,0.26
156442,11.93,13.484
156447,0.75,0.643
156473,18.345,31.629
156489,1.725,0
156490,14.591,12.2
15650,21.989,33.066
15651,6.784,16.135
156510,0.373,0.333
15652,14.014,28.402
156522,0.804,0.442
15654,0.34,12.226
156545,23.542,45.353
156549,8.746,8.296
156555,0.103,0
156562,0.223,0.07
156566,12.28,13.376
156602,0.156,0
156609,1.224,1.05
15662,0.87,20.476
156635,0.821,0.088
156658,1.066,0
15666,23.436,36.14
156660,12.053,9.592
156701,12.671,13.073
156710,7.693,7.806
156735,0.146,0.088
156753,1.215,1.487
15681,8.51,49.152
156815,13.857,12.127
15683,10.837,27.881
15686,6.171,39.677
15687,0.297,2.187
15689,8.464,41.492
156910,9.28,20.616
15693,10.971,32.939
156950,9.654,3.093
15700,0.944,2.255
157008,0.512,0
157016,0.205,0.03
15702,0.165,0.363
15704,7.686,21.256
157063,13.736,4.359
157077,3.315,1.674
157090,18.709,14.225
157136,19.062,23.666
15714,6.606,26.494
15715,16.118,48.163
15718,16.06,29.299
157185,10.811,6.298
15720,14.238,68.677
157265,6.546,1.527
157298,1.035,1.273
15744,10.24,22.777
15745,0.726,1.168
15748,12.13,50.165
15755,7.749,14.832
15756,6.89,20.706
15760,17.091,37.111
15767,5.757,1.008
15797,0.532,3.897
15799,11.312,1.545
15803,15.75,7.447
15808,5.28,31.783
15822,0.14,0.1
15826,3.987,11.175
15837,5.761,18.876
15851,13.003,20.069
15869,2.08,15.805
15897,0.228,0.647
15899,0.101,0.246
15912,3.87,2.004
15923,0.168,0.19
159363,4.693,9.7
15961,0.113,0.154
1598,0.141,0.035
16011,0.066,0.202
160192,0.196,0.167
160448,12.133,6.748
1605,0.328,0.407
1610,0.132,0.118
16110,0.182,0.2
16111,0.078,0.116
1612,0.186,0.186
161337,0.221,0.374
1617,0.067,0.081
16195,0.204,0.036
16200,0.336,0.384
162136,0.595,0.632
16218,0.139,0.132
16223,0.126,0.676
16239,0.218,0.018
1624,0.082,0.111
16240,0.234,0.156
16242,0.203,0.215
16245,0.117,0.06
16247,0.242,0.108
16248,0.185,0.318
16254,0.08,0.069
162548,5.892,1.758
1626,0.1,0.13
162615,8.857,6.74
162638,18.722,13.338
162660,12.174,7.567
162712,21.554,15.522
162715,14.516,8.753
162731,14.486,10.172
162797,6.264,6.826
162833,15.54,14.095
162845,0.36,0.293
162874,1.487,1.49
162879,20.742,13.004
162894,0.488,1.308
162912,25.881,15.148
162919,11.593,9.971
162937,28.452,35.609
162970,24.723,21.611
162985,10.419,11.407
16299,0.149,0.141
162990,12.306,14.342
163002,19.016,20.694
163010,8.498,9.613
163038,1.05,0.993
163048,12.088,22.516
163053,9.716,12.102
163093,19.81,19.146
163102,18.179,19.264
163107,0.715,0.898
16311,0.128,0.096
163110,9.735,12.507
163127,13.22,14.828
16316,0.066,0.03
163163,12.734,9.431
163171,19.621,22.413
1632,0.111,0.11
163223,7.13,9.689
163239,1.571,4.229
16331,0.174,0.077
16335,0.122,0.301
16351,0.113,0.195
163518,14.076,21.871
16362,0.212,0.249
163629,12.925,20.776
16363,0.123,0.023
163638,10.934,13.63
163695,17.175,22.424
16374,0.066,0.002
163753,0.255,0.487
163839,22.844,35.693
163861,12.966,21.655
163904,6.299,30.381
163921,17.817,26.977
163924,1.747,1.169
163946,0.275,0.42
163954,10.527,13.96
164003,1.023,1.272
164037,18.983,11.034
16406,0.157,0.227
164077,11.939,10.016
16414,0.133,0.089
164202,19.983,29.523
164273,14.191,13.203
164290,2.801,8.302
164300,4.608,7.962
164310,4.427,8.516
164326,18.125,19.458
164442,5.294,27.916
164464,6.909,7.917
164544,4.859,10.658
16455,0.115,0.117
16457,0.137,0.064
164690,4.069,5.117
16473,0.142,0.073
164766,8.545,10.269
164811,0.261,0.299
164828,17.044,14.712
164907,19.883,18.67
164924,16.384,15.782
164935,0.131,0
164952,6.849,6.632
164982,10.881,8.555
1650,0.12,0.069
16508,0.261,0.145
165080,13.379,17.782
1651,0.21,0.306
165103,13.789,19.39
165121,11.408,13.618
165136,6.552,6.573
165155,0.563,0.723
165218,8.514,15.629
16533,0.114,0.059
165390,0.103,0.115
165394,0.174,0.315
165397,1.498,1.505
165517,17.512,19.161
165589,0.072,0.026
165592,5.564,6.798
165663,16.194,12.377
165685,17.187,14.499
165687,2.027,3.658
165723,11.332,9.515
16573,0.243,0.28
165765,1.111,1.19
165771,8.734,13.124
165881,9.532,9.445
16598,0.145,0
165983,10.319,16.568
166007,12.633,15.895
166061,0.313,0.281
16610,0.09,0.192
16611,0.154,0.046
16612,0.077,0
166123,7.004,11.891
16614,0.077,0.391
166156,17.277,11.444
1662,0.13,0.208
16620,0.117,0.195
166203,7.49,11.165
166280,9.753,22.066
16629,0.07,0.055
166334,4.02,9.426
166338,8.018,4.558
16636,0.108,0.113
16640,0.08,0.125
16644,0.128,0.15
166516,0.331,1.884
166540,5.989,9.468
166720,17.103,31.655
166926,12.251,1.58
166940,7.724,6.954
167,0.1,0.148
167046,6.899,7.615
167070,4.45,9.87
167129,7.19,9.804
167160,4.185,4.372
167184,9.189,2.818
167210,7.9,8.138
167230,0.084,1.051
167288,12.059,10.261
167322,4.119,2.433
167332,1.252,2.067
167488,3.238,9.494
167513,7.881,10.42
167624,4.08,2.836
167651,1.166,0
167674,6.193,13.676
167725,9.469,23.672
167737,8.286,13.163
167775,8.414,13.949
167856,19.788,37.658
167874,0.131,0.368
167883,5.984,6.344
168021,1.592,2.043
168032,6.242,11.523
168075,11.674,16.06
168097,0.941,4.953
168208,3.154,6.979
168243,10.455,7.749
168258,18.625,6.08
168331,10.359,7.032
168413,9.823,4.921
168414,11.378,3.009
168461,13.226,27.338
168529,0.692,0.668
168551,7.404,8.77
168631,0.12,0.221
168661,14.663,12.707
168667,0.149,0.229
168672,4.15,10.886
168687,14.046,23.185
168693,2.053,3.111
168704,2.543,4.948
168718,1.187,0.461
168742,11.882,4.135
168786,2.52,4.874
168791,22.025,28.805
168858,10.166,3.86
168891,6.005,14.254
168905,5,9.307
168909,27.645,17.185
168954,1.559,3.816
168963,6.114,11.223
168984,24.422,9.208
169,0.156,0.18
169017,3.647,4.9
169040,9.989,9.969
169053,4.106,1.843
169099,0.852,6.55
169105,1.292,2.958
169221,1.642,5.458
169243,13.457,16.929
169290,14.506,16.068
169349,15.204,18.594
169358,3.381,15.562
169364,3.502,3.668
169384,22.552,22.511
169392,10.888,35.125
1694,0.176,0.182
169416,4.797,8.114
169420,0.114,2.301
169449,5.706,4.13
169470,9.178,9.703
169473,0.947,0.783
169497,1.892,1.609
169525,1.739,2.472
169539,1.05,1.291
169541,1.297,11.891
169553,9.113,15.103
169571,8.054,18.803
169580,5.688,8.437
169586,13.679,29.21
169598,0.314,0.979
169626,8.298,9.763
169640,12.186,8.184
169666,10.589,21.538
169683,4.362,2.104
169702,0.177,0.142
169706,0.436,0.755
169729,1.229,1.959
169736,12.25,5.177
169796,16.647,26.304
169798,4.479,0.289
169802,20.708,35.795
169823,6.602,9.679
169834,2.965,12.561
169859,0.095,0.049
169870,21.084,5.743
169873,3.756,2.914
169888,10.843,10.812
169901,0.695,1.835
169917,22.824,26.186
169931,19.93,10.447
170073,0.217,1.317
170082,8.26,9.305
170109,9.2,11.548
170139,1.605,27.659
170142,9.746,22.815
170153,8.208,13.18
170183,19.64,21.78
170192,27.058,29.758
170205,11.886,9.065
170209,14.008,17.102
170221,2.397,4.329
170224,18.81,38.058
170302,3.766,11.51
170305,6.163,46.011
170314,9.691,3.305
170317,14.64,33.375
170331,12.103,23.039
170333,7.921,8.563
170337,19.539,28.962
170339,7.774,15.798
170352,7.596,12.758
170370,2.11,6.213
170371,0.172,0.127
170387,9.97,7.717
170392,3.927,28.473
170395,0.161,0.173
170405,3.471,26.909
170410,6.116,22.869
170418,10.66,7.02
170425,0.173,0.385
170428,11.227,21.989
170431,5.167,15.657
170458,8.555,11.094
170474,7.998,5.597
170495,1.933,0.884
170513,11.25,9.951
170534,8.948,20.572
170544,6.031,27.324
170565,1.526,2.698
170568,1.299,8.763
170571,8.108,9.033
170586,18.451,22.242
170589,0.122,0.265
170590,0.796,37.906
170603,0.56,1.412
170643,4.909,42.557
170647,3.785,12.008
170648,6.531,1.134
170649,17.373,19.857
170658,6.468,17.196
170664,6.666,7.559
170678,6.64,6.557
170694,0.307,0.511
170696,6.965,17.711
170699,5.698,30.631
170705,0.403,0.946
170708,5.563,3.375
170711,5.149,19.184
170728,4.528,30.525
170729,10.568,16.616
170738,8.78,15.424
170745,8.638,20.244
170747,6.652,10.969
170758,1.056,1.195
170767,2.862,3.577
170794,0.277,4.144
170799,7.331,9.494
170810,7.48,39.185
170856,4.897,3.99
170945,22.466,36.913
170970,1.041,2.474
170995,1.869,0
171003,2.664,1.833
171008,12.152,24.508
171022,5.485,10.799
171029,0.094,3.673
171033,0.443,2.665
171034,3.217,4.188
171060,5.172,11.107
171065,13.621,29.261
171099,2.494,11.962
171104,7.085,6.852
171108,2.603,3.272
171162,1.455,2.668
171186,0.727,10.424
171283,4.527,2.844
171314,3.282,1.822
171350,1.943,0
171369,1.961,3.568
171397,3.505,2.544
171416,0.286,2.533
171452,6.177,15.841
171456,5.691,12.241
171466,0.855,1.377
171504,3.259,4.925
171523,1.221,0.401
171540,7.101,4.952
171587,14.504,18.402
171595,10.741,9.864
171606,4.054,2.256
171609,0.608,0.733
171644,13.965,3.9
171663,1.671,0.089
171672,9.438,10.233
171690,11.314,22.728
171693,0.135,0.135
171695,2.447,3.008
171715,0.229,0.382
171716,0.166,0.189
171718,4.399,9.845
171721,1.658,7.992
171725,10.856,10.393
171728,5.403,5.49
171749,3.191,2.647
171755,14.058,14.196
171766,0.317,8.392
171776,18.076,0.587
171777,1.397,0.496
171829,1.425,5.192
171831,0.514,0.667
171860,4.805,4.247
171861,4.642,5.905
171888,8.432,13.387
171934,11.555,9.373
171944,2.762,3.384
171949,33.499,47.201
171951,14.979,11.149
171954,1.66,8.686
171956,1.914,11.201
171983,2.544,9.877
171997,4.745,12.206
172006,9.175,10.879
172015,26.649,22.43
172023,6.234,7.823
172041,0.82,0.564
172069,6.742,10.398
172074,2.515,2.428
172083,7.637,3.408
172085,1.726,10.451
172086,15.28,8.917
172094,6.46,4.682
172104,4.666,13.231
172106,1.246,2.786
172111,4.671,3.968
172128,2.987,1.627
172158,8.42,11.15
172173,11.977,15.96
172181,6,2.804
172183,6.672,18.63
172187,0.145,0.359
172198,0.666,0.367
172207,0.637,0.509
172209,5.024,13.282
172212,0.426,0.828
172229,23.469,36.352
172231,0.079,0.061
172234,4.492,13.449
172239,5.061,7.781
172253,1.185,3.302
172255,9.921,5.863
172269,8.027,13.51
172270,9.587,27.308
172273,2.123,4.661
172311,16.236,23.468
172316,0.221,0.56
172334,5.392,13.048
172387,0.08,0.103
172391,0.611,1.911
172478,5.8,20.084
172481,20.258,20.817
172492,11.133,17.862
172499,4.458,4.034
172525,0.468,0.296
172529,1.083,1.053
172532,3.111,1.415
172544,1.384,1.477
172546,0.082,0.076
172573,6.852,16.803
172574,4.733,5.942
172582,16.559,38.008
172594,4.94,10.853
172600,1.184,1.481
172605,5.19,6.009
172607,0.805,1.669
172611,13.849,5.229
172623,10.296,8.628
172631,10.059,4.308
172637,15.081,52.037
172652,9.258,16.232
172684,26.459,51.932
172691,7.72,5.311
172701,8.788,13.891
172717,0.247,0.372
172759,8.715,14.295
172763,9.79,18.562
172766,5.116,2.645
172769,10.555,32.003
172810,0.78,0.596
172840,2.901,4.361
172853,8.319,10.033
172856,7.099,9.39
172866,9.592,11.168
172871,0.085,0.228
172873,0.115,0.192
172875,6.518,12.808
172878,10.787,11.745
172879,2.686,18.979
172886,12.436,7.384
172900,9.146,14.889
172901,17.611,11.39
172906,0.238,0.787
172933,5.394,10.616
172936,10.059,28.182
172942,2.177,2.164
172945,6.243,3.479
172965,2.344,1.909
172971,8.145,13.552
172981,3.128,1.395
173012,13.589,27.273
173049,8.267,30.741
173056,0.104,0.211
173061,38.865,61.857
173127,7.78,13.182
173143,2.998,6.739
173162,20.479,48.385
173203,1.333,1.949
173209,1.242,1.421
173223,3.425,6.469
173277,2.41,1.476
173278,13.479,23.883
173286,1.074,0.18
173339,1.769,0.534
173348,18.624,25.778
173367,25.361,37.564
173433,0.845,0.127
173475,19.72,22.748
173507,5.859,8.858
173519,0.365,0.394
173524,13.948,30.714
173581,1.469,1.648
173589,12.615,0.878
173595,24.86,60.589
173610,18.673,33.521
173692,21.975,52.682
173702,6.646,8.677
173706,10.837,64.844
173729,29.437,50.649
173734,5.176,44.899
173753,9.778,44.071
173758,1.926,6.694
173782,29.944,64.879
173793,28.033,47.852
173830,25.23,47.541
173867,7.388,21.674
173905,6.078,3.101
173909,6.477,26.395
173911,5.861,23.286
173927,10.061,53.861
173947,13.654,31.101
173955,1.1,3.835
173978,2.871,0.04
173984,0.108,0.127
173988,3.89,8.517
173993,15.87,12.405
174007,2.828,11.701
174011,5.299,2.958
174018,9.33,1.368
174030,1.172,10.415
174075,0.384,0.43
174079,7.103,3.671
174084,2.157,17.218
174094,6.771,6.626
174096,0.337,0.274
174107,0.998,22.99
174128,0.22,0.327
174137,4.29,17.207
174143,5.712,31.93
174157,0.142,0.209
174158,8.394,2.878
174173,1.742,1.98
174217,0.273,0.611
174237,9.215,46.302
174248,0.246,0.477
174253,0.289,0.086
174264,0.142,0.201
174285,1.03,1.625
174290,3.236,36.073
174296,6.889,29.508
174326,11.942,17.829
174328,4.111,20.93
174403,0.267,0.58
174409,16.296,24.242
174438,6.616,32.609
174445,7.818,22.01
174446,5.408,25.478
174458,0.254,0.519
174469,0.332,0.753
174549,0.101,0.125
174614,4.788,27.512
174761,3.874,3.267
174809,13.981,29.14
174887,4.76,11.55
174921,3.988,16.681
174927,13.969,38.633
174942,11.404,22.843
174954,0.072,0.355
174958,1.482,4.263
175077,0.781,30.689
175080,17.505,4.91
175099,2.145,6.726
175105,0.118,0.369
175113,4.76,33.88
175120,2.179,35.845
175124,3.419,37.458
175127,2.955,32.914
175149,0.075,0.545
175157,4.212,39.261
175178,0.914,2.641
175231,0.941,4.383
175240,5.665,21.822
175274,2.896,17.673
175307,0.814,34.033
175317,0.792,8.628
175327,3.108,12.261
175346,6.295,32.959
175460,2.039,6.126
175475,9.511,27.566
175486,0.125,0.085
175490,11.209,28.179
175536,9.376,14.29
175546,0.82,1.431
175560,10.546,17.332
175587,6.038,9.405
175602,1.179,0.869
175604,4.646,9.823
175612,5.171,19.307
175618,0.584,1.432
175622,9.302,8.731
175626,0.106,0.138
175639,1.029,2.62
175643,0.093,0.394
175647,9.897,30.469
175655,1.597,1.313
175667,7.943,13.136
175698,0.269,0.495
175740,4.797,6.412
175753,0.18,0.069
175764,8.286,0.265
175782,2.792,1.52
175815,6.402,13.628
175843,0.824,1.862
175850,3.147,8.671
175859,0.56,25.4
175878,1.088,20.42
175912,2.519,6.547
175992,0.335,0.587
176056,3.541,8.941
176062,2.011,3.577
176073,0.301,0.321
176095,4.756,24.113
176096,0.586,3.099
176109,3.983,24.565
176119,9.568,12.014
176137,10.789,24.498
176155,5.244,29.993
176213,0.178,0.352
176219,4.123,19.516
176280,1.185,4.017
176286,0.161,0.791
176326,10.956,23.46
176339,0.141,0.264
176376,6.162,19.755
176402,6.368,12.104
176488,4.938,32.47
176552,8.87,37.415
176599,2.753,13.833
176690,25.168,28.616
176691,8.92,37.979
176753,0.327,1.286
176956,20.12,35.808
176989,24.361,51.565
177096,17.401,49.725
177142,11.02,40.945
177167,25.522,7.228
177176,4.051,22.307
177198,6.667,31.481
177209,9.143,29.659
177215,10.618,8.132
177216,0.068,0.223
177316,8.498,10.259
177320,1.944,3.511
177398,2.386,1.028
177399,0.383,1.575
177400,10.18,50.274
177448,1.448,9.967
177466,7.501,12.734
177477,4.932,42.648
177491,0.123,0.677
177498,10.961,62.495
177560,11.375,45.968
177612,4.34,11.678
177746,0.339,0.652
177753,0.57,1.025
177755,0.174,3.057
177811,12.06,25.306
177820,0.24,5.391
177943,0.463,3.394
177956,0.251,0.536
177978,4.428,15.345
177981,11.757,32.1
177982,13.263,50.053
177995,3.702,20.641
178003,12.955,37.301
178005,3.699,16.322
178024,7.779,14.555
178025,2.541,7.956
178047,3.783,0
178059,7.212,39.271
178089,0.614,0.97
178093,8.862,46.269
178106,0.302,0.894
178111,0.108,0
178112,17.771,30.26
178131,3.976,26.73
178133,15.457,32.851
178144,14.452,39.267
178167,18.198,32.342
178179,11.477,55.907
178192,15.609,35.184
178195,22.486,40.214
178198,16.009,29.221
178210,13.46,40.282
178215,11.338,40.782
178234,8.461,57.987
178235,3.415,9.68
178299,12.407,35.734
178311,5.424,18.534
178343,15.8,29.651
178351,1.621,9.972
178385,11.084,38.33
178476,2.985,9.55
178492,4.837,8.58
178499,0.652,4.656
178509,0.169,0.485
178549,8.045,51.352
178569,1.696,3.335
178587,0.165,0
178598,20.365,47.461
178623,4.645,17.345
178628,18.117,36.675
178699,6.732,4.601
178736,2.792,5.2
178741,2.05,7.726
178874,1.874,5.165
178915,0.946,2.632
178957,0.395,0.025
178973,5.422,30.21
178984,0.789,2.91
179126,3.685,8.486
179464,0.072,0.057
179482,29.043,9.457
179569,20.39,37.865
179602,12.889,13.986
179656,1.606,26.754
179747,10.465,0
179817,0.594,5.667
179833,0.141,0.158
179912,0.099,1.277
179924,1.285,1.844
180297,13.832,23.11
180341,1.988,0.578
180381,22.073,23.631
180385,0.128,0.315
180394,5.412,46.519
180399,3.197,3.806
181157,0.156,0.076
181187,0.103,0.053
181239,0.117,0.023
181459,0.067,0.166
181814,0.07,0.048
181823,0.244,0.417
181830,0.097,0.053
181840,0.15,0.101
181993,0.066,0.032
182332,0.081,0.095
182428,0.384,0.597
182488,0.119,0.331
182507,0.193,0.046
182617,0.071,0.069
182828,0.137,0.18
182901,0.272,0.792
182922,0.151,0.379
183044,0.365,0.628
183232,0.134,0.164
183233,0.099,0.489
183234,0.14,0.126
183245,0.087,0.138
183366,0.116,0.309
183907,0.091,0.13
184262,0.106,0.026
184383,0.095,0.263
184443,0.104,0.079
184464,0.346,0.086
184488,0.107,0.331
184510,0.128,0.078
184546,0.111,0.102
184621,0.083,0.072
184651,0.178,0.192
184679,0.087,0.079
184685,0.1,0.029
184724,0.343,0.322
184772,0.167,0.163
184835,0.369,0.052
184841,0.1,0.084
184947,0.1,0.007
51,0.066,0.044
53,0.183,0.206
61,0.087,0.053
618,0.083,0.035
635,0.181,0.309
67,0.215,0.238
6960,0.132,0.16
6976,0.131,0.088
7055,0.102,0.162
7057,0.103,0.158
71,0.077,0.02
7137,0.11,0.062
72,0.086,0.101
7204,0.241,0.29
7222,0.196,0.3
7247,0.107,0.037
7249,0.09,0.076
7264,0.178,0.088
7299,0.159,0.418
7375,0.071,0.034
7376,0.226,0.051
744,0.081,0.068
7441,0.164,0.127
753,0.075,0.042
7583,0.085,0.072
762,0.114,0.124
764,0.077,0.147
77,0.104,0.163
775,0.126,0.216
776,0.127,0.108
777,0.116,0.105
781,0.086,0.138
7815,0.11,0.052
7862,0.096,0.104
796,0.084,0.084
80,0.07,0.096
8000,0.238,0.243
801,0.077,0.093
8036,0.149,0.117
8069,0.167,0.286
81,0.115,0.116
8109,0.199,0.216
8136,0.176,0.106
815,0.067,0.053
818,0.094,0.154
82,0.095,0.145
821,0.107,0.103
828,0.067,0.097
8286,0.158,0.123
829,0.134,0.037
8297,0.077,0.141
831,0.097,0.191
8311,0.077,0.118
8333,0.115,0.137
841,0.125,0.232
8468,0.193,0.059
852,0.293,0.115
855,0.229,0.516
856,0.11,0.172
860,0.517,0.171
861,0.074,0.094
8626,0.107,0.265
8643,0.13,0.186
8661,0.18,0.167
872,0.248,0.232
8729,0.21,0.169
876,0.078,0.118
87668,0.189,0.128
8786,0.12,0.098
8796,0.186,0.102
88288,0.203,0.226
8878,0.186,0.135
88934,0.109,0.075
8908,0.074,0.082
89191,0.075,0.066
8945,0.154,0.268
89911,0.075,0.04
8994,0.129,0.274
90250,0.098,0.08
90291,0.069,0.113
90425,0.161,0.323
90493,0.342,0.334
9056,0.295,0.321
90642,0.167,0.324
9066,0.161,0.155
9072,0.103,0.109
90732,0.119,0.049
90746,0.176,0.146
9080,0.112,0.111
90820,0.14,0.161
90871,0.204,0.16
9088,0.145,0.264
9093,0.111,0.172
9098,0.128,0.118
9105,0.238,0.312
9107,0.109,0.091
9116,0.147,0.164
9117,0.126,0.129
9120,0.092,0.085
91235,0.073,0.032
9126,0.209,0.15
91286,0.223,0.177
9132,0.072,0.078
91366,0.087,0.074
914,0.189,0.27
9141,0.193,0.339
9146,0.136,0.16
9147,0.112,0.326
915,0.115,0.147
9157,0.11,0.197
91618,0.119,0.128
9164,0.168,0.332
9166,0.077,0.117
9169,0.124,0.109
91699,0.178,0.196
91714,0.154,0.277
9176,0.129,0.195
9177,0.087,0.032
918,0.207,0.152
9183,0.178,0.223
919,0.244,0.029
9191,0.224,0.32
9197,0.179,0.262
9199,0.073,0.05
920,0.277,0.026
9201,0.129,0.201
9202,0.16,0.142
9205,0.222,0.206
9207,0.163,0.037
9209,0.115,0.144
9213,0.163,0.212
9218,0.219,0.218
92208,0.116,0.039
92240,0.069,0.091
9226,0.103,0.168
9228,0.124,0.209
9231,0.112,0.184
9232,0.168,0.223
9234,0.084,0.251
92355,0.257,0.421
9237,0.184,0.269
9238,0.088,0.151
9239,0.135,0.153
9240,0.075,0.093
9242,0.124,0.205
924202,0.151,0.08
9248,0.099,0.171
9250,0.343,0.259
9251,0.31,0.248
9252,0.141,0.079
92520,0.087,0.192
9255,0.191,0.156
9257,0.083,0.124
9258,0.149,0.09
9262,0.303,0.233
9263,0.066,0.058
9264,0.076,0.091
9269,0.108,0.06
927,0.092,0.012
928,0.13,0.369
92806,0.17,0.365
9287,0.158,0.168
92908,0.117,0.205
92925,0.085,0.105
92936,0.169,0.283
9298,0.175,0.164
930,0.109,0.124
9300,0.084,0.097
9304,0.109,0.019
93091,0.139,0.262
931,0.098,0.203
9311,0.078,0.106
93141,0.149,0.168
93161,0.154,0.216
9323,0.192,0.133
9324,0.069,0.066
9328,0.136,0.176
9331,0.105,0.242
9333,0.08,0.081
9335,0.121,0.108
9341,0.082,0.14
9343,0.303,0.392
9347,0.145,0.19
9350,0.132,0.166
9354,0.142,0.204
9355,0.201,0.27
93550,0.161,0.248
9357,0.096,0.106
9358,0.173,0.249
9364,0.106,0.126
9365,0.131,0.133
9372,0.207,0.246
93731,0.184,0.251
9382,0.105,0.073
9396,0.085,0.083
9397,0.193,0.111
9399,0.137,0.152
94,0.395,0.538
940,0.107,0.173
9404,0.107,0.092
9407,0.131,0.158
9416,0.118,0.258
9419,0.263,0.314
9420,0.121,0.01
9422,0.108,0.174
9430,0.104,0.247
9431,0.075,0.081
9434,0.095,0.078
9438,0.233,0.187
9440,0.212,0.07
9441,0.113,0.172
9443,0.192,0.437
9446,0.227,0.394
9450,0.2,0.285
9453,0.191,0.005
9454,0.097,0.138
9455,0.07,0.067
9456,0.209,0.289
9460,0.094,0.125
9461,0.154,0.225
9468,0.235,0.509
9474,0.109,0.082
9476,0.174,0.17
9482,0.222,0.265
9489,0.39,0.484
9490,0.123,0.079
9493,0.079,0.103
9495,0.16,0.198
9496,0.241,0.445
9502,0.135,0
9503,0.202,0.172
9504,0.085,0.141
9505,0.086,0.064
9507,0.095,0.076
95078,0.196,0.282
95161,0.08,0.054
9517,0.078,0.079
952,0.077,0.135
9522,0.171,0.299
95225,0.08,0.038
95288,0.144,0.233
9529,0.083,0.065
953,0.08,0.177
9537,0.102,0.07
9547,0.069,0.076
9554,0.189,0.163
9558,0.119,0.121
9569,0.067,0.056
9590,0.18,0.518
9592,0.261,0.227
960,0.073,0.204
9601,0.173,0.478
9605,0.198,0.339
9622,0.183,0.288
96279,0.087,0.12
9630,0.23,0.345
9632,0.068,0.231
9634,0.256,0.466
9639,0.158,0.181
9643,0.133,0.188
9645,0.171,0.578
9665,0.067,0.009
9666,0.135,0.092
9669,0.181,0.534
9670,0.174,0.314
9671,0.13,0.423
9687,0.118,0.172
9690,0.11,0.18
9691,0.125,0.062
9695,0.21,0.053
97,0.944,0.183
9702,0.174,0.196
97025,0.13,0.115
9703,0.151,0.194
9704,0.133,0.04
97069,0.157,0.107
9712,0.088,0.093
97196,0.207,0.086
9734,0.168,0.386
97359,0.166,0.156
9752,0.129,0.105
9754,0.135,0.446
9756,0.146,0.25
976,0.163,0
9764,0.117,0.034
9765,0.145,0.118
9766,0.07,0.181
9767,0.287,0.056
977,0.078,0.057
9770,0.071,0.052
9771,0.068,0.178
97771,0.123,0.169
978,0.082,0.014
9781,0.128,0.047
9792,0.178,0.137
9794,0.246,0.45
98,0.733,0.118
9813,0.106,0.731
9814,0.171,0.421
98168,0.142,0.112
98248,0.08,0.038
9831,0.349,0.346
9838,0.083,0.066
9845,0.284,0.245
9851,0.141,0.415
9854,0.162,0.317
9866,0.154,0.58
9868,0.205,0.347
9869,0.158,0.444
9874,0.08,0.029
98810,0.112,0.178
9884,0.163,0.193
9890,0.089,0.067
9892,0.144,0.421
99,0.159,0.073
99005,0.09,0.105
9906,0.091,0.203
9908,0.072,0.169
9913,0.08,0.091
9917,0.131,0.137
9920,0.101,0.237
9928,0.093,0.34
9938,0.122,0.109
9953,0.093,0.061
9960,0.098,0.061
99617,0.174,0.218
9976,0.076,0.043
9979,0.07,0.053
99965,0.155,0.089
